-11.6384445,166.9488853,94147449,0.00,5.2,132,50,186,3.8,,
-11.6384208,166.9488834,94147450,0.00,6.9,132,68,175,3.8,,
-11.6383907,166.9488909,94147451,0.01,8.2,133,80,134,3.8,,
-11.6383580,166.9489019,94147452,0.01,9.1,134,81,97,3.8,,
-11.6383209,166.9489146,94147453,0.01,9.9,134,81,107,3.6,,
-11.6382821,166.9489274,94147454,0.01,10.6,134,82,85,3.6,,
-11.6382403,166.9489401,94147455,0.02,11.3,134,83,91,3.4,,
-11.6381938,166.9489537,94147456,0.02,12.0,135,83,91,3.4,,
-11.6381473,166.9489676,94147457,0.02,12.5,135,84,100,3.2,,
-11.6380989,166.9489835,94147458,0.03,13.1,135,85,108,3.2,,
-11.6380462,166.9490024,94147459,0.03,13.7,136,85,104,3.0,,
-11.6379943,166.9490218,94147460,0.03,14.2,137,86,71,2.8,,
-11.6379381,166.9490431,94147461,0.04,14.6,137,86,81,2.8,,
-11.6378831,166.9490643,94147462,0.04,15.0,138,87,72,2.6,,
-11.6378272,166.9490863,94147463,0.05,15.4,139,87,58,2.6,,
-11.6377688,166.9491100,94147464,0.05,15.6,140,87,56,2.4,,
-11.6377078,166.9491357,94147465,0.06,15.9,141,87,52,2.2,,
-11.6376494,166.9491612,94147466,0.06,16.2,141,88,52,2.2,,
-11.6375901,166.9491883,94147467,0.06,16.4,142,88,68,2.0,,
-11.6375282,166.9492178,94147468,0.07,16.6,143,88,73,2.0,,
-11.6374686,166.9492479,94147469,0.07,16.8,143,88,74,1.8,,
-11.6374090,166.9492800,94147470,0.08,17.0,143,88,74,1.8,,
-11.6373476,166.9493151,94147471,0.08,17.1,144,89,63,1.8,,
-11.6372892,166.9493509,94147472,0.09,17.2,145,89,67,1.6,,
-11.6372315,166.9493878,94147473,0.09,17.2,146,89,48,1.6,,
-11.6371740,166.9494249,94147474,0.10,17.1,147,89,33,1.6,,
-11.6371144,166.9494634,94147475,0.10,17.0,148,88,16,1.4,,
-11.6370582,166.9494996,94147476,0.11,16.8,148,88,18,1.4,,
-11.6370000,166.9495381,94147477,0.11,16.8,148,88,82,1.4,,
-11.6369447,166.9495756,94147478,0.12,16.9,148,88,108,1.4,,
-11.6368894,166.9496131,94147479,0.12,16.9,148,88,90,1.4,,
-11.6368303,166.9496521,94147480,0.13,16.9,149,88,97,1.4,,
-11.6367755,166.9496914,94147481,0.13,17.0,149,88,130,1.4,,
-11.6367195,166.9497301,94147482,0.13,17.2,150,89,210,1.4,,
-11.6366598,166.9497720,94147483,0.14,17.6,149,89,309,1.4,,
-11.6366045,166.9498166,94147484,0.14,18.0,149,90,207,1.4,,
-11.6365440,166.9498556,94147485,0.15,18.2,149,90,194,1.4,,
-11.6364829,166.9499006,94147486,0.15,18.3,149,90,206,1.4,,
-11.6364279,166.9499508,94147487,0.16,18.9,148,90,153,1.4,,
-11.6363738,166.9500037,94147488,0.16,19.0,148,90,92,1.4,,
-11.6363180,166.9500604,94147489,0.17,19.0,148,90,115,1.6,,
-11.6362662,166.9501156,94147490,0.18,19.0,149,90,96,1.6,,
-11.6362156,166.9501730,94147491,0.18,19.0,149,90,171,1.6,,
-11.6361641,166.9502333,94147492,0.19,19.2,149,91,215,1.6,,
-11.6361095,166.9502873,94147493,0.19,19.3,149,91,215,1.6,,
-11.6360589,166.9503482,94147494,0.20,19.4,149,91,80,1.6,,
-11.6360151,166.9504120,94147495,0.20,19.4,150,91,176,1.6,,
-11.6359739,166.9504823,94147496,0.21,19.7,150,91,232,1.6,,
-11.6359367,166.9505517,94147497,0.21,19.6,150,91,121,1.6,,
-11.6359010,166.9506217,94147498,0.22,19.7,150,91,98,1.6,,
-11.6358634,166.9506961,94147499,0.22,19.8,150,91,85,1.6,,
-11.6358276,166.9507673,94147500,0.23,19.8,151,91,90,1.6,,
-11.6357929,166.9508386,94147501,0.23,19.9,151,91,98,1.6,,
-11.6357575,166.9509146,94147502,0.24,20.0,151,92,104,1.6,,
-11.6357247,166.9509885,94147503,0.25,20.1,151,92,98,1.6,,
-11.6356937,166.9510629,94147504,0.25,20.1,152,92,79,1.6,,
-11.6356647,166.9511422,94147505,0.26,19.9,152,91,19,1.6,,
-11.6356405,166.9512180,94147506,0.26,19.7,152,91,99,1.6,,
-11.6356148,166.9512924,94147507,0.27,19.9,153,91,124,1.6,,
-11.6355888,166.9513728,94147508,0.27,20.2,153,92,116,1.6,,
-11.6355668,166.9514519,94147509,0.28,20.7,153,92,214,1.6,,
-11.6355454,166.9515309,94147510,0.29,21.1,153,93,318,1.6,,
-11.6355234,166.9516169,94147511,0.29,21.1,154,93,82,1.6,,
-11.6355077,166.9517022,94147512,0.30,21.6,154,93,217,1.6,,
-11.6354980,166.9517886,94147513,0.30,22.1,153,94,373,1.6,,
-11.6354934,166.9518822,94147514,0.31,22.3,153,94,126,1.6,,
-11.6354927,166.9519724,94147515,0.32,22.3,153,94,215,1.6,,
-11.6354959,166.9520617,94147516,0.32,22.2,153,94,64,1.6,,
-11.6355055,166.9521540,94147517,0.33,22.1,153,94,110,1.6,,
-11.6355214,166.9522409,94147518,0.33,21.9,153,93,110,1.6,,
-11.6355450,166.9523297,94147519,0.34,21.8,154,93,86,1.6,,
-11.6355747,166.9524115,94147520,0.35,21.6,154,93,99,1.6,,
-11.6356132,166.9524893,94147521,0.35,21.6,154,93,122,1.6,,
-11.6356599,166.9525666,94147522,0.36,21.5,154,93,113,1.6,,
-11.6357104,166.9526363,94147523,0.36,21.4,155,93,106,1.6,,
-11.6357677,166.9527004,94147524,0.37,21.4,155,93,115,1.6,,
-11.6358312,166.9527636,94147525,0.38,21.4,157,93,130,1.6,,
-11.6358940,166.9528214,94147526,0.38,21.5,157,93,133,1.6,,
-11.6359550,166.9528824,94147527,0.39,21.5,158,93,127,1.6,,
-11.6360174,166.9529468,94147528,0.39,21.4,158,93,105,1.6,,
-11.6360825,166.9530019,94147529,0.40,21.3,159,93,113,1.6,,
-11.6361485,166.9530511,94147530,0.41,20.7,159,92,119,1.6,,
-11.6362183,166.9531015,94147531,0.41,20.7,160,92,113,1.6,,
-11.6362835,166.9531504,94147532,0.42,20.8,160,92,135,1.6,,
-11.6363518,166.9531956,94147533,0.42,20.7,160,92,107,1.6,,
-11.6364237,166.9532433,94147534,0.43,20.8,160,92,142,1.6,,
-11.6364896,166.9532911,94147535,0.43,20.7,160,92,99,1.6,,
-11.6365587,166.9533428,94147536,0.44,20.5,161,92,93,1.6,,
-11.6366251,166.9533907,94147537,0.45,20.5,161,92,145,1.6,,
-11.6366920,166.9534375,94147538,0.45,20.4,162,92,110,1.6,,
-11.6367625,166.9534862,94147539,0.46,20.3,162,92,114,1.6,,
-11.6368284,166.9535323,94147540,0.46,20.3,162,92,141,1.6,,
-11.6368941,166.9535790,94147541,0.47,20.2,162,92,107,1.6,,
-11.6369629,166.9536294,94147542,0.47,20.1,162,92,115,1.6,,
-11.6370266,166.9536773,94147543,0.48,20.0,162,92,115,1.6,,
-11.6370894,166.9537263,94147544,0.49,20.0,162,91,119,1.6,,
-11.6371531,166.9537776,94147545,0.49,19.9,162,91,131,1.6,,
-11.6372104,166.9538307,94147546,0.50,19.9,162,91,106,1.6,,
-11.6372692,166.9538877,94147547,0.50,20.0,163,92,139,1.6,,
-11.6373225,166.9539464,94147548,0.51,20.1,163,92,142,1.6,,
-11.6373687,166.9540120,94147549,0.51,20.1,163,92,103,1.6,,
-11.6374039,166.9540881,94147550,0.52,20.1,163,92,129,1.6,,
-11.6374201,166.9541668,94147551,0.52,20.1,163,92,118,1.8,,
-11.6374158,166.9542515,94147552,0.53,20.1,163,92,126,1.8,,
-11.6373921,166.9543298,94147553,0.54,20.0,164,91,116,1.8,,
-11.6373547,166.9543998,94147554,0.54,19.9,164,91,117,2.0,,
-11.6373074,166.9544637,94147555,0.55,19.8,164,91,155,2.0,,
-11.6372513,166.9545243,94147556,0.55,19.7,164,91,117,2.2,,
-11.6371939,166.9545771,94147557,0.56,19.5,164,91,131,2.2,,
-11.6371337,166.9546267,94147558,0.56,19.4,164,91,135,2.4,,
-11.6370691,166.9546757,94147559,0.57,19.3,164,91,117,2.4,,
-11.6370086,166.9547208,94147560,0.57,19.2,164,91,184,2.4,,
-11.6369449,166.9547653,94147561,0.58,19.4,164,91,119,2.6,,
-11.6368784,166.9548107,94147562,0.58,19.3,165,91,126,2.6,,
-11.6368154,166.9548521,94147563,0.59,19.1,165,91,129,2.8,,
-11.6367494,166.9548955,94147564,0.59,19.0,165,91,129,2.8,,
-11.6366883,166.9549404,94147565,0.60,19.1,165,91,136,3.0,,
-11.6366320,166.9549913,94147566,0.61,19.1,165,91,149,3.2,,
-11.6365865,166.9550563,94147567,0.61,18.8,165,90,151,3.2,,
-11.6365608,166.9551265,94147568,0.62,18.5,166,90,156,3.4,,
-11.6365488,166.9551988,94147569,0.62,18.1,166,90,137,3.6,,
-11.6365627,166.9552723,94147570,0.63,17.5,166,89,154,4.0,,
-11.6366069,166.9553248,94147571,0.63,17.1,166,89,154,4.2,,
-11.6366646,166.9553598,94147572,0.64,16.9,166,88,153,4.2,,
-11.6367294,166.9553876,94147573,0.64,16.9,166,88,180,4.4,,
-11.6367936,166.9554080,94147574,0.64,15.6,166,87,247,4.4,,
-11.6368563,166.9554221,94147575,0.65,15.7,166,87,155,4.6,,
-11.6369174,166.9554324,94147576,0.65,15.8,166,87,135,4.6,,
-11.6369778,166.9554444,94147577,0.66,15.7,166,87,120,4.6,,
-11.6370421,166.9554541,94147578,0.66,15.7,166,87,108,4.6,,
-11.6371041,166.9554618,94147579,0.67,15.7,166,87,133,4.6,,
-11.6371656,166.9554832,94147580,0.67,15.7,166,87,115,4.8,,
-11.6372011,166.9555339,94147581,0.68,15.7,166,87,111,4.8,,
-11.6372050,166.9555963,94147582,0.68,15.8,166,87,101,4.8,,
-11.6371996,166.9556602,94147583,0.68,15.9,166,87,105,4.6,,
-11.6371915,166.9557258,94147584,0.69,16.0,166,88,124,4.6,,
-11.6371815,166.9557888,94147585,0.69,16.2,166,88,130,4.6,,
-11.6371699,166.9558564,94147586,0.70,16.4,167,88,121,4.6,,
-11.6371584,166.9559215,94147587,0.70,16.5,167,88,112,4.6,,
-11.6371464,166.9559873,94147588,0.71,16.6,167,88,117,4.6,,
-11.6371333,166.9560564,94147589,0.71,16.8,167,88,120,4.6,,
-11.6371217,166.9561231,94147590,0.72,16.9,167,88,124,4.6,,
-11.6371117,166.9561910,94147591,0.72,17.1,167,89,129,4.6,,
-11.6371015,166.9562627,94147592,0.73,17.3,167,89,114,4.4,,
-11.6370905,166.9563314,94147593,0.73,17.4,168,89,97,4.4,,
-11.6370780,166.9564006,94147594,0.74,17.4,167,89,86,4.4,,
-11.6370644,166.9564732,94147595,0.74,17.6,167,89,103,4.4,,
-11.6370514,166.9565429,94147596,0.74,17.7,167,89,115,4.4,,
-11.6370382,166.9566134,94147597,0.75,17.9,167,89,109,4.2,,
-11.6370238,166.9566885,94147598,0.76,18.2,167,90,123,4.2,,
-11.6370092,166.9567601,94147599,0.76,18.5,167,90,112,4.2,,
-11.6369935,166.9568337,94147600,0.77,18.3,167,90,119,4.0,,
-11.6369760,166.9569097,94147601,0.77,18.7,167,90,112,3.8,,
-11.6369576,166.9569835,94147602,0.78,19.3,166,91,112,3.6,,
-11.6369388,166.9570588,94147603,0.78,19.9,166,91,128,3.4,,
-11.6369185,166.9571392,94147604,0.79,20.5,166,92,106,3.2,,
-11.6368983,166.9572190,94147605,0.79,21.0,165,92,110,2.8,,
-11.6368782,166.9573057,94147606,0.80,21.5,165,93,104,2.6,,
-11.6368586,166.9573902,94147607,0.80,21.9,165,93,81,2.4,,
-11.6368390,166.9574757,94147608,0.81,22.3,165,94,111,2.0,,
-11.6368231,166.9575686,94147609,0.82,22.6,165,94,118,1.8,,
-11.6368130,166.9576582,94147610,0.82,22.9,164,94,123,1.6,,
-11.6368061,166.9577551,94147611,0.83,23.0,164,95,123,1.4,,
-11.6367996,166.9578478,94147612,0.84,23.1,164,95,106,1.2,,
-11.6367946,166.9579406,94147613,0.84,23.2,164,95,123,1.0,,
-11.6367937,166.9580388,94147614,0.85,23.2,164,95,119,0.8,,
-11.6367983,166.9581323,94147615,0.86,23.2,163,95,112,0.6,,
-11.6368087,166.9582247,94147616,0.86,23.1,163,95,128,0.6,,
-11.6368242,166.9583200,94147617,0.87,23.0,163,95,143,0.4,,
-11.6368414,166.9584104,94147618,0.87,22.8,163,94,139,0.4,,
-11.6368615,166.9585038,94147619,0.88,22.6,163,94,114,0.4,,
-11.6368829,166.9585904,94147620,0.89,22.2,163,94,100,0.4,,
-11.6369071,166.9586756,94147621,0.89,21.8,163,93,82,0.4,,
-11.6369350,166.9587622,94147622,0.90,21.5,163,93,101,0.4,,
-11.6369644,166.9588425,94147623,0.90,21.3,163,93,89,0.4,,
-11.6369988,166.9589250,94147624,0.91,21.2,163,93,104,0.4,,
-11.6370349,166.9590013,94147625,0.92,21.1,163,93,118,0.6,,
-11.6370745,166.9590759,94147626,0.92,21.0,164,93,128,0.6,,
-11.6371185,166.9591522,94147627,0.93,21.0,164,93,149,0.6,,
-11.6371632,166.9592237,94147628,0.93,21.2,163,93,128,0.6,,
-11.6372101,166.9592945,94147629,0.94,21.2,163,93,125,0.6,,
-11.6372618,166.9593677,94147630,0.95,21.3,163,93,158,0.6,,
-11.6373132,166.9594356,94147631,0.95,21.4,163,93,209,0.6,,
-11.6373668,166.9595023,94147632,0.96,21.5,163,93,202,0.6,,
-11.6374261,166.9595711,94147633,0.96,21.6,164,93,168,0.6,,
-11.6374847,166.9596339,94147634,0.97,21.6,164,93,134,0.6,,
-11.6375476,166.9596955,94147635,0.98,20.9,164,92,119,0.6,,
-11.6376088,166.9597500,94147636,0.98,20.8,164,92,111,0.6,,
-11.6376716,166.9598004,94147637,0.99,20.6,164,92,111,0.6,,
-11.6377391,166.9598499,94147638,0.99,20.5,164,92,119,0.6,,
-11.6378054,166.9598945,94147639,1.00,20.4,164,92,113,0.6,,
-11.6378737,166.9599370,94147640,1.00,20.3,164,92,109,0.6,,
-11.6379454,166.9599793,94147641,1.01,20.2,164,92,118,0.6,,
-11.6380136,166.9600179,94147642,1.02,20.1,164,92,118,0.6,,
-11.6380834,166.9600549,94147643,1.02,20.1,164,92,118,0.6,,
-11.6381576,166.9600921,94147644,1.03,20.1,164,92,118,0.6,,
-11.6382277,166.9601289,94147645,1.03,20.2,164,92,114,0.6,,
-11.6383006,166.9601693,94147646,1.04,20.2,164,92,110,0.6,,
-11.6383717,166.9602051,94147647,1.04,20.0,165,92,117,0.6,,
-11.6384446,166.9602362,94147648,1.05,19.9,165,91,110,0.6,,
-11.6385207,166.9602690,94147649,1.05,19.7,165,91,110,0.6,,
-11.6385922,166.9602991,94147650,1.06,19.6,165,91,125,0.6,,
-11.6386657,166.9603247,94147651,1.07,19.5,165,91,116,0.6,,
-11.6387438,166.9603493,94147652,1.07,19.6,165,91,151,0.6,,
-11.6388180,166.9603726,94147653,1.08,19.6,165,91,117,0.6,,
-11.6388917,166.9603955,94147654,1.08,19.5,165,91,117,0.6,,
-11.6389693,166.9604185,94147655,1.09,19.3,166,91,107,0.6,,
-11.6390423,166.9604394,94147656,1.09,19.0,166,90,108,0.8,,
-11.6391175,166.9604608,94147657,1.10,18.6,166,90,104,0.8,,
-11.6391888,166.9604811,94147658,1.10,18.6,166,90,175,1.0,,
-11.6392600,166.9605013,94147659,1.11,18.9,166,90,329,1.0,,
-11.6393368,166.9605216,94147660,1.11,19.4,166,91,306,1.0,,
-11.6394129,166.9605403,94147661,1.12,19.9,166,91,238,0.8,,
-11.6394906,166.9605584,94147662,1.12,20.3,165,92,185,0.8,,
-11.6395737,166.9605772,94147663,1.13,20.8,165,92,137,0.6,,
-11.6396541,166.9605940,94147664,1.14,19.6,165,92,113,0.4,,
-11.6397357,166.9606089,94147665,1.14,20.3,165,92,112,0.0,,
-11.6398162,166.9606231,94147666,1.15,20.9,165,92,116,-0.2,,
-11.6398996,166.9606378,94147667,1.15,21.6,166,93,211,-0.6,,
-11.6399895,166.9606543,94147668,1.16,22.3,166,94,119,-0.8,,
-11.6400773,166.9606710,94147669,1.17,22.8,166,94,128,-1.2,,
-11.6401661,166.9606891,94147670,1.17,23.5,166,95,117,-1.6,,
-11.6402624,166.9607088,94147671,1.18,24.1,167,96,85,-1.8,,
-11.6403563,166.9607261,94147672,1.19,24.6,167,96,125,-2.2,,
-11.6404522,166.9607446,94147673,1.19,25.2,167,97,125,-2.6,,
-11.6405548,166.9607642,94147674,1.20,25.7,168,97,111,-3.0,,
-11.6406554,166.9607834,94147675,1.21,26.2,168,98,101,-3.4,,
-11.6407578,166.9608023,94147676,1.21,26.7,169,98,148,-3.8,,
-11.6408659,166.9608226,94147677,1.22,27.3,169,99,150,-4.2,,
-11.6409724,166.9608424,94147678,1.23,27.9,169,99,122,-4.6,,
-11.6410814,166.9608635,94147679,1.24,28.3,170,100,114,-5.0,,
-11.6411967,166.9608855,94147680,1.24,28.6,170,100,126,-5.4,,
-11.6413067,166.9609088,94147681,1.25,28.8,170,100,139,-5.6,,
-11.6414184,166.9609347,94147682,1.26,28.8,171,100,160,-5.8,,
-11.6415340,166.9609600,94147683,1.27,28.7,171,100,118,-5.8,,
-11.6416419,166.9609855,94147684,1.28,28.4,171,100,115,-6.0,,
-11.6417563,166.9610135,94147685,1.28,28.0,171,100,118,-6.0,,
-11.6418633,166.9610432,94147686,1.29,27.7,171,99,125,-6.0,,
-11.6419681,166.9610739,94147687,1.30,27.3,172,99,106,-5.8,,
-11.6420759,166.9611090,94147688,1.31,27.0,172,98,130,-5.8,,
-11.6421742,166.9611472,94147689,1.31,26.7,172,98,141,-5.8,,
-11.6422682,166.9611906,94147690,1.32,26.4,171,98,139,-5.6,,
-11.6423625,166.9612429,94147691,1.33,26.0,171,98,143,-5.6,,
-11.6424492,166.9612986,94147692,1.34,25.8,171,97,159,-5.6,,
-11.6425331,166.9613628,94147693,1.34,25.5,171,97,147,-5.6,,
-11.6426053,166.9614330,94147694,1.35,25.3,171,97,124,-5.4,,
-11.6426703,166.9615096,94147695,1.36,25.1,171,97,129,-5.4,,
-11.6427311,166.9615942,94147696,1.36,24.9,171,96,124,-5.4,,
-11.6427838,166.9616785,94147697,1.37,24.6,171,96,145,-5.4,,
-11.6428315,166.9617640,94147698,1.38,24.4,171,96,112,-5.4,,
-11.6428778,166.9618544,94147699,1.39,24.1,171,96,124,-5.4,,
-11.6429207,166.9619407,94147700,1.39,23.9,171,95,127,-5.4,,
-11.6429635,166.9620300,94147701,1.40,23.6,171,95,124,-5.4,,
-11.6430015,166.9621143,94147702,1.40,23.3,170,95,135,-5.4,,
-11.6430399,166.9622046,94147703,1.41,23.2,170,95,109,-5.4,,
-11.6430750,166.9622904,94147704,1.42,23.2,171,95,110,-5.4,,
-11.6431115,166.9623758,94147705,1.42,23.1,171,95,110,-5.4,,
-11.6431531,166.9624642,94147706,1.43,23.1,171,95,178,-5.4,,
-11.6431948,166.9625477,94147707,1.44,23.2,171,95,205,-5.4,,
-11.6432385,166.9626294,94147708,1.44,23.1,171,95,163,-5.4,,
-11.6432879,166.9627129,94147709,1.45,22.9,171,94,124,-5.4,,
-11.6433391,166.9627885,94147710,1.46,22.7,171,94,125,-5.4,,
-11.6433954,166.9628591,94147711,1.46,22.5,171,94,111,-5.4,,
-11.6434601,166.9629275,94147712,1.47,22.3,171,94,117,-5.4,,
-11.6435245,166.9629888,94147713,1.47,22.0,171,94,124,-5.4,,
-11.6435898,166.9630466,94147714,1.48,21.9,171,93,145,-5.4,,
-11.6436604,166.9631046,94147715,1.49,21.6,171,93,118,-5.4,,
-11.6437286,166.9631560,94147716,1.49,21.4,171,93,133,-5.4,,
-11.6438018,166.9632067,94147717,1.50,21.2,171,93,133,-5.4,,
-11.6438733,166.9632521,94147718,1.50,21.0,171,93,125,-5.4,,
-11.6439452,166.9632937,94147719,1.51,20.8,171,92,118,-5.4,,
-11.6440218,166.9633337,94147720,1.52,20.6,171,92,119,-5.4,,
-11.6440965,166.9633687,94147721,1.52,20.5,170,92,154,-5.4,,
-11.6441711,166.9633997,94147722,1.53,20.4,170,92,136,-5.4,,
-11.6442504,166.9634284,94147723,1.53,20.2,170,92,149,-5.4,,
-11.6443264,166.9634522,94147724,1.54,20.1,170,92,99,-5.4,,
-11.6444035,166.9634721,94147725,1.54,20.0,170,91,125,-5.4,,
-11.6444848,166.9634886,94147726,1.55,19.9,170,91,125,-5.4,,
-11.6445627,166.9634989,94147727,1.56,19.8,170,91,117,-5.4,,
-11.6446452,166.9635067,94147728,1.56,19.7,170,91,109,-5.4,,
-11.6447228,166.9635092,94147729,1.57,19.6,170,91,115,-5.4,,
-11.6448000,166.9635092,94147730,1.57,19.5,170,91,123,-5.4,,
-11.6448801,166.9635040,94147731,1.58,19.3,170,91,123,-5.4,,
-11.6449552,166.9634964,94147732,1.58,19.2,170,91,119,-5.4,,
-11.6450290,166.9634833,94147733,1.59,19.1,170,91,110,-5.4,,
-11.6451054,166.9634645,94147734,1.59,19.1,170,91,101,-5.4,,
-11.6451779,166.9634427,94147735,1.60,19.0,170,90,107,-5.4,,
-11.6452516,166.9634170,94147736,1.60,18.9,170,90,111,-5.4,,
-11.6453211,166.9633885,94147737,1.61,19.0,170,91,148,-5.4,,
-11.6453895,166.9633566,94147738,1.61,19.0,170,91,129,-5.4,,
-11.6454600,166.9633198,94147739,1.62,19.1,169,91,117,-5.4,,
-11.6455260,166.9632818,94147740,1.63,19.1,169,91,127,-5.4,,
-11.6455937,166.9632392,94147741,1.63,19.2,169,91,121,-5.4,,
-11.6456568,166.9631963,94147742,1.64,19.2,168,91,130,-5.4,,
-11.6457190,166.9631511,94147743,1.64,19.3,168,91,129,-5.4,,
-11.6457816,166.9630997,94147744,1.65,19.3,168,91,130,-5.4,,
-11.6458378,166.9630468,94147745,1.65,19.4,167,91,110,-5.4,,
-11.6458915,166.9629911,94147746,1.66,19.3,167,91,112,-5.4,,
-11.6459461,166.9629305,94147747,1.66,19.3,167,91,128,-5.4,,
-11.6459961,166.9628723,94147748,1.67,19.4,167,91,132,-5.4,,
-11.6460448,166.9628113,94147749,1.67,19.6,167,91,120,-5.4,,
-11.6460960,166.9627461,94147750,1.68,19.8,167,91,120,-5.4,,
-11.6461441,166.9626835,94147751,1.68,19.9,167,91,128,-5.4,,
-11.6461924,166.9626196,94147752,1.69,19.9,167,91,130,-5.4,,
-11.6462422,166.9625525,94147753,1.70,19.9,167,91,112,-5.4,,
-11.6462891,166.9624889,94147754,1.70,19.9,167,91,121,-5.4,,
-11.6463364,166.9624245,94147755,1.71,19.9,167,91,139,-5.4,,
-11.6463859,166.9623571,94147756,1.71,20.0,167,92,179,-5.4,,
-11.6464335,166.9622923,94147757,1.72,20.2,166,92,201,-5.4,,
-11.6464837,166.9622239,94147758,1.72,20.5,166,92,251,-5.4,,
-11.6465329,166.9621586,94147759,1.73,20.6,166,92,180,-5.4,,
-11.6465861,166.9620906,94147760,1.73,20.7,166,92,190,-5.4,,
-11.6466381,166.9620264,94147761,1.74,20.7,166,92,136,-5.4,,
-11.6466907,166.9619633,94147762,1.75,20.6,166,92,122,-5.4,,
-11.6467472,166.9618981,94147763,1.75,20.4,167,92,110,-5.4,,
-11.6468019,166.9618382,94147764,1.76,20.3,167,92,129,-5.4,,
-11.6468616,166.9617774,94147765,1.76,20.3,167,92,129,-5.4,,
-11.6469202,166.9617222,94147766,1.77,20.2,167,92,146,-5.4,,
-11.6469818,166.9616701,94147767,1.77,20.2,168,92,129,-5.4,,
-11.6470495,166.9616199,94147768,1.78,20.0,168,92,107,-5.4,,
-11.6471170,166.9615780,94147769,1.79,19.9,168,91,103,-5.4,,
-11.6471881,166.9615419,94147770,1.79,19.9,168,91,126,-5.4,,
-11.6472646,166.9615102,94147771,1.80,19.8,168,91,126,-5.4,,
-11.6473389,166.9614849,94147772,1.80,19.8,168,91,118,-5.4,,
-11.6474143,166.9614651,94147773,1.81,19.7,169,91,124,-5.4,,
-11.6474943,166.9614498,94147774,1.81,19.5,169,91,118,-5.4,,
-11.6475709,166.9614413,94147775,1.82,19.5,169,91,125,-5.4,,
-11.6476486,166.9614367,94147776,1.82,19.4,169,91,125,-5.4,,
-11.6477289,166.9614362,94147777,1.83,19.3,169,91,123,-5.4,,
-11.6478049,166.9614395,94147778,1.83,19.2,170,91,124,-5.4,,
-11.6478846,166.9614463,94147779,1.84,19.1,169,91,138,-5.4,,
-11.6479599,166.9614554,94147780,1.85,19.1,169,91,125,-5.4,,
-11.6480342,166.9614666,94147781,1.85,19.0,169,90,105,-5.4,,
-11.6481118,166.9614801,94147782,1.86,18.8,169,90,109,-5.4,,
-11.6481846,166.9614941,94147783,1.86,18.8,169,90,122,-5.4,,
-11.6482608,166.9615096,94147784,1.87,18.7,169,90,133,-5.4,,
-11.6483337,166.9615249,94147785,1.87,18.6,169,90,124,-5.4,,
-11.6484056,166.9615404,94147786,1.88,18.6,169,90,120,-5.4,,
-11.6484814,166.9615567,94147787,1.88,18.5,169,90,123,-5.4,,
-11.6485534,166.9615721,94147788,1.89,18.4,169,90,129,-5.4,,
-11.6486250,166.9615873,94147789,1.89,18.4,169,90,123,-5.4,,
-11.6486994,166.9616017,94147790,1.90,18.3,168,90,123,-5.4,,
-11.6487710,166.9616149,94147791,1.90,18.3,168,90,129,-5.4,,
-11.6488457,166.9616290,94147792,1.91,18.2,168,90,133,-5.4,,
-11.6489166,166.9616443,94147793,1.91,18.2,168,90,124,-5.4,,
-11.6489869,166.9616615,94147794,1.92,18.1,168,90,118,-5.4,,
-11.6490596,166.9616807,94147795,1.92,18.1,169,90,119,-5.4,,
-11.6491285,166.9616998,94147796,1.93,18.0,169,90,124,-5.4,,
-11.6491977,166.9617196,94147797,1.93,18.0,169,90,108,-5.4,,
-11.6492686,166.9617406,94147798,1.94,18.0,169,89,115,-5.4,,
-11.6493371,166.9617619,94147799,1.94,18.0,169,89,103,-5.4,,
-11.6494057,166.9617837,94147800,1.95,18.0,169,90,121,-5.4,,
-11.6494758,166.9618076,94147801,1.95,18.1,169,90,134,-5.4,,
-11.6495436,166.9618312,94147802,1.96,18.2,169,90,133,-5.4,,
-11.6496121,166.9618548,94147803,1.96,18.3,169,90,117,-5.4,,
-11.6496843,166.9618799,94147804,1.97,18.3,169,90,129,-5.4,,
-11.6497528,166.9619041,94147805,1.97,18.3,169,90,137,-5.4,,
-11.6498248,166.9619299,94147806,1.98,18.3,168,90,111,-5.4,,
-11.6498931,166.9619546,94147807,1.98,18.3,168,90,122,-5.4,,
-11.6499610,166.9619794,94147808,1.99,18.3,168,90,134,-5.4,,
-11.6500333,166.9620055,94147809,1.99,18.4,168,90,141,-5.4,,
-11.6501020,166.9620305,94147810,2.00,18.4,169,90,132,-5.4,,
-11.6501707,166.9620554,94147811,2.00,18.5,169,90,159,-5.4,,
-11.6502436,166.9620820,94147812,2.01,18.6,169,90,137,-5.4,,
-11.6503139,166.9621075,94147813,2.01,18.6,169,90,128,-5.4,,
-11.6503838,166.9621330,94147814,2.02,18.7,169,90,124,-5.4,,
-11.6504557,166.9621588,94147815,2.02,18.7,169,90,124,-5.4,,
-11.6505248,166.9621841,94147816,2.03,18.7,169,90,109,-5.4,,
-11.6505936,166.9622100,94147817,2.03,18.7,169,90,117,-5.4,,
-11.6506659,166.9622376,94147818,2.04,18.8,169,90,117,-5.4,,
-11.6507360,166.9622644,94147819,2.04,18.8,170,90,113,-5.4,,
-11.6508046,166.9622893,94147820,2.05,17.9,170,89,169,-5.4,,
-11.6508729,166.9623155,94147821,2.05,17.6,170,89,202,-5.4,,
-11.6509384,166.9623419,94147822,2.06,17.8,169,89,124,-5.4,,
-11.6510031,166.9623681,94147823,2.06,17.9,169,89,134,-5.4,,
-11.6510709,166.9623957,94147824,2.07,17.9,169,89,113,-5.4,,
-11.6511356,166.9624218,94147825,2.07,17.9,168,89,125,-5.4,,
-11.6512041,166.9624483,94147826,2.08,17.8,168,89,125,-5.4,,
-11.6512700,166.9624740,94147827,2.08,17.8,168,89,136,-5.4,,
-11.6513371,166.9624995,94147828,2.09,17.8,168,89,136,-5.4,,
-11.6514067,166.9625255,94147829,2.09,17.8,168,89,128,-5.4,,
-11.6514726,166.9625500,94147830,2.10,17.8,168,89,126,-5.4,,
-11.6515397,166.9625739,94147831,2.10,17.8,168,89,125,-5.4,,
-11.6516093,166.9625985,94147832,2.11,17.7,168,89,119,-5.4,,
-11.6516751,166.9626221,94147833,2.11,17.7,168,89,119,-5.4,,
-11.6517415,166.9626472,94147834,2.12,17.6,168,89,111,-5.4,,
-11.6518097,166.9626734,94147835,2.12,17.6,169,89,127,-5.4,,
-11.6518749,166.9626985,94147836,2.13,17.6,169,89,123,-5.4,,
-11.6519438,166.9627249,94147837,2.13,17.6,169,89,138,-5.4,,
-11.6520086,166.9627499,94147838,2.14,17.6,169,89,130,-5.4,,
-11.6520734,166.9627749,94147839,2.14,17.6,169,89,130,-5.4,,
-11.6521426,166.9628015,94147840,2.15,17.6,168,89,125,-5.4,,
-11.6522075,166.9628264,94147841,2.15,17.6,168,89,134,-5.4,,
-11.6522727,166.9628515,94147842,2.16,17.6,168,89,133,-5.4,,
-11.6523408,166.9628777,94147843,2.16,17.5,168,89,98,-5.4,,
-11.6524056,166.9629027,94147844,2.17,17.3,168,89,11,-5.4,,
-11.6524724,166.9629281,94147845,2.17,17.1,168,89,154,-5.4,,
-11.6525362,166.9629525,94147846,2.18,17.2,168,89,136,-5.4,,
-11.6526005,166.9629768,94147847,2.18,17.3,168,89,177,-5.4,,
-11.6526655,166.9630014,94147848,2.19,17.7,168,89,163,-5.4,,
-11.6527354,166.9630278,94147849,2.19,18.0,168,89,145,-5.4,,
-11.6528028,166.9630533,94147850,2.20,18.1,168,90,149,-5.4,,
-11.6528698,166.9630787,94147851,2.20,18.1,167,90,115,-5.4,,
-11.6529396,166.9631055,94147852,2.21,18.1,167,90,113,-5.4,,
-11.6530067,166.9631310,94147853,2.21,18.1,167,90,124,-5.4,,
-11.6530771,166.9631580,94147854,2.22,18.2,167,90,124,-5.4,,
-11.6531438,166.9631848,94147855,2.22,18.3,167,90,125,-5.4,,
-11.6532111,166.9632124,94147856,2.23,18.5,167,90,94,-5.4,,
-11.6532822,166.9632423,94147857,2.23,18.5,168,90,108,-5.4,,
-11.6533506,166.9632710,94147858,2.24,18.5,168,90,134,-5.4,,
-11.6534184,166.9632996,94147859,2.24,18.5,168,90,127,-5.4,,
-11.6534896,166.9633295,94147860,2.25,18.5,168,90,146,-5.4,,
-11.6535573,166.9633581,94147861,2.25,18.5,168,90,117,-5.4,,
-11.6536250,166.9633866,94147862,2.26,18.5,168,90,136,-5.4,,
-11.6536963,166.9634154,94147863,2.26,18.5,168,90,149,-5.4,,
-11.6537634,166.9634434,94147864,2.27,18.5,168,90,145,-5.4,,
-11.6538299,166.9634707,94147865,2.27,18.4,168,90,117,-5.4,,
-11.6539008,166.9634973,94147866,2.28,18.5,168,90,122,-5.4,,
-11.6539703,166.9635196,94147867,2.28,18.6,168,90,123,-5.4,,
-11.6540422,166.9635380,94147868,2.29,18.9,168,90,151,-5.4,,
-11.6541200,166.9635514,94147869,2.29,19.1,168,91,131,-5.6,,
-11.6541958,166.9635605,94147870,2.30,19.3,169,91,126,-5.6,,
-11.6542723,166.9635662,94147871,2.30,19.5,169,91,152,-5.6,,
-11.6543533,166.9635656,94147872,2.31,19.6,169,91,114,-5.6,,
-11.6544310,166.9635540,94147873,2.32,19.8,169,91,117,-5.8,,
-11.6545089,166.9635252,94147874,2.32,20.1,169,92,121,-5.8,,
-11.6545749,166.9634795,94147875,2.33,20.3,169,92,126,-6.0,,
-11.6546296,166.9634185,94147876,2.33,20.5,169,92,139,-6.0,,
-11.6546703,166.9633428,94147877,2.34,20.7,169,92,139,-6.0,,
-11.6546919,166.9632621,94147878,2.34,20.8,169,92,121,-6.0,,
-11.6547013,166.9631787,94147879,2.35,21.0,169,93,121,-6.2,,
-11.6547059,166.9630901,94147880,2.36,21.1,169,93,125,-6.2,,
-11.6547092,166.9630072,94147881,2.36,21.0,169,92,125,-6.0,,
-11.6547094,166.9629227,94147882,2.37,20.7,170,92,127,-6.0,,
-11.6547075,166.9628361,94147883,2.37,20.3,170,92,126,-5.8,,
-11.6547054,166.9627557,94147884,2.38,19.9,170,91,158,-5.6,,
-11.6547031,166.9626723,94147885,2.38,19.4,170,91,153,-5.4,,
-11.6547011,166.9625956,94147886,2.39,18.8,170,90,148,-5.0,,
-11.6546992,166.9625210,94147887,2.39,18.2,170,90,144,-4.8,,
-11.6546976,166.9624447,94147888,2.40,17.7,171,89,196,-4.6,,
-11.6546966,166.9623742,94147889,2.40,17.4,171,89,278,-4.4,,
-11.6546956,166.9623043,94147890,2.41,17.3,171,89,304,-4.0,,
-11.6546945,166.9622315,94147891,2.41,17.3,171,89,311,-3.8,,
-11.6546936,166.9621639,94147892,2.42,16.4,171,88,205,-3.6,,
-11.6546928,166.9621005,94147893,2.42,14.5,171,86,187,-3.4,,
-11.6546930,166.9620432,94147894,2.43,14.3,171,86,188,-3.2,,
-11.6546931,166.9619867,94147895,2.43,14.2,171,86,235,-3.0,,
-11.6546930,166.9619282,94147896,2.43,14.1,171,86,246,-2.8,,
-11.6546921,166.9618727,94147897,2.44,14.0,171,85,211,-2.6,,
-11.6546912,166.9618168,94147898,2.44,13.8,172,85,179,-2.4,,
-11.6546895,166.9617595,94147899,2.45,13.5,172,85,179,-2.0,,
-11.6546878,166.9617056,94147900,2.45,13.3,172,85,167,-2.0,,
-11.6546869,166.9616539,94147901,2.45,13.1,172,85,174,-1.8,,
-11.6546852,166.9615984,94147902,2.46,13.4,173,85,197,-1.6,,
-11.6546836,166.9615451,94147903,2.46,13.5,173,85,258,-1.4,,
-11.6546844,166.9614884,94147904,2.47,13.6,174,85,258,-1.2,,
-11.6546841,166.9614337,94147905,2.47,13.7,174,85,284,-1.0,,
-11.6546834,166.9613781,94147906,2.47,14.2,174,86,495,-0.8,,
-11.6546826,166.9613169,94147907,2.48,15.1,174,87,532,-0.6,,
-11.6546818,166.9612547,94147908,2.48,16.0,175,87,574,-0.2,,
-11.6546809,166.9611861,94147909,2.49,16.6,175,88,505,0.0,,
-11.6546829,166.9611202,94147910,2.49,16.9,176,88,410,0.2,,
-11.6546826,166.9610528,94147911,2.49,17.0,176,89,393,0.4,,
-11.6546811,166.9609802,94147912,2.50,17.3,177,89,362,0.6,,
-11.6546784,166.9609103,94147913,2.50,17.6,177,89,362,0.8,,
-11.6546754,166.9608382,94147914,2.51,18.4,178,90,624,0.8,,
-11.6546726,166.9607580,94147915,2.51,19.4,178,91,554,1.0,,
-11.6546705,166.9606786,94147916,2.52,20.3,178,92,451,1.0,,
-11.6546692,166.9605972,94147917,2.53,20.3,179,92,47,0.8,,
-11.6546627,166.9605121,94147918,2.53,20.4,179,,,0.6,,
-11.6546525,166.9604309,94147919,2.54,20.4,180,92,39,0.6,,
-11.6546407,166.9603465,94147920,2.54,20.2,181,92,71,0.6,,
-11.6546293,166.9602668,94147921,2.55,20.1,182,92,95,0.6,,
-11.6546175,166.9601872,94147922,2.55,20.0,182,92,126,0.6,,
-11.6546051,166.9601057,94147923,2.56,20.0,183,92,142,0.6,,
-11.6545920,166.9600274,94147924,2.57,20.1,183,92,118,0.6,,
-11.6545726,166.9599444,94147925,2.57,20.2,183,92,107,0.6,,
-11.6545503,166.9598663,94147926,2.58,20.3,183,92,122,0.6,,
-11.6545278,166.9597909,94147927,2.58,18.7,184,90,134,0.6,,
-11.6545048,166.9597147,94147928,2.59,18.7,183,90,142,0.6,,
-11.6544816,166.9596433,94147929,2.59,18.8,183,90,145,0.6,,
-11.6544568,166.9595721,94147930,2.60,18.8,183,90,137,0.6,,
-11.6544304,166.9594977,94147931,2.60,18.9,182,90,140,0.6,,
-11.6544051,166.9594265,94147932,2.61,18.8,182,90,116,0.6,,
-11.6543801,166.9593561,94147933,2.61,18.8,182,90,103,0.6,,
-11.6543538,166.9592818,94147934,2.62,18.8,181,90,158,0.6,,
-11.6543288,166.9592112,94147935,2.62,18.8,181,90,123,0.6,,
-11.6543027,166.9591376,94147936,2.63,18.8,180,90,116,0.6,,
-11.6542775,166.9590662,94147937,2.63,18.8,180,90,117,0.6,,
-11.6542523,166.9589953,94147938,2.64,18.8,180,90,145,0.8,,
-11.6542260,166.9589209,94147939,2.64,18.9,179,90,150,0.8,,
-11.6542011,166.9588495,94147940,2.65,18.9,179,90,150,0.8,,
-11.6541750,166.9587746,94147941,2.66,19.0,178,90,151,0.8,,
-11.6541500,166.9587022,94147942,2.66,19.0,178,90,121,0.8,,
-11.6541247,166.9586297,94147943,2.67,19.0,178,91,144,0.8,,
-11.6540986,166.9585543,94147944,2.67,19.1,178,91,160,0.8,,
-11.6540734,166.9584819,94147945,2.68,19.2,178,91,163,0.8,,
-11.6540476,166.9584090,94147946,2.68,19.3,178,91,170,0.8,,
-11.6540161,166.9583352,94147947,2.69,19.3,178,91,154,0.8,,
-11.6539802,166.9582671,94147948,2.69,19.4,178,91,135,0.8,,
-11.6539410,166.9582016,94147949,2.70,19.4,177,91,131,0.8,,
-11.6538968,166.9581351,94147950,2.70,19.4,177,91,125,0.8,,
-11.6538527,166.9580720,94147951,2.71,19.5,177,91,128,0.8,,
-11.6538107,166.9580049,94147952,2.71,19.5,177,91,136,0.8,,
-11.6537756,166.9579301,94147953,2.72,19.6,177,91,143,0.8,,
-11.6537500,166.9578554,94147954,2.72,19.9,177,91,227,0.8,,
-11.6537301,166.9577738,94147955,2.73,20.0,177,92,139,0.8,,
-11.6537211,166.9576935,94147956,2.74,20.1,176,92,130,0.8,,
-11.6537202,166.9576127,94147957,2.74,20.3,176,92,251,0.8,,
-11.6537216,166.9575306,94147958,2.75,20.4,176,92,181,0.8,,
-11.6537232,166.9574446,94147959,2.75,20.4,176,92,119,0.8,,
-11.6537247,166.9573633,94147960,2.76,20.4,176,92,131,0.8,,
-11.6537254,166.9572772,94147961,2.76,20.3,176,92,125,0.8,,
-11.6537255,166.9571962,94147962,2.77,20.3,176,92,147,0.8,,
-11.6537254,166.9571112,94147963,2.78,20.3,176,92,130,0.8,,
-11.6537253,166.9570291,94147964,2.78,20.3,176,92,160,0.8,,
-11.6537253,166.9569474,94147965,2.79,20.3,176,92,142,0.8,,
-11.6537266,166.9568626,94147966,2.79,20.3,175,92,146,0.8,,
-11.6537261,166.9567818,94147967,2.80,20.5,175,92,217,0.8,,
-11.6537254,166.9566964,94147968,2.80,20.6,175,92,173,0.8,,
-11.6537253,166.9566135,94147969,2.81,20.8,175,92,235,0.8,,
-11.6537253,166.9565290,94147970,2.82,21.0,175,93,192,0.8,,
-11.6537252,166.9564403,94147971,2.82,21.2,175,93,158,0.8,,
-11.6537252,166.9563550,94147972,2.83,21.2,174,93,127,0.8,,
-11.6537239,166.9562689,94147973,2.83,21.3,174,93,176,0.8,,
-11.6537187,166.9561792,94147974,2.84,21.4,174,93,175,0.8,,
-11.6537121,166.9560933,94147975,2.84,21.5,174,93,208,0.8,,
-11.6537054,166.9560073,94147976,2.85,21.5,174,93,163,0.8,,
-11.6536968,166.9559168,94147977,2.86,20.9,173,93,124,1.0,,
-11.6536849,166.9558360,94147978,2.86,20.2,173,92,120,1.0,,
-11.6536647,166.9557558,94147979,2.87,20.2,173,92,156,1.0,,
-11.6536355,166.9556843,94147980,2.87,19.2,173,91,176,1.0,,
-11.6535960,166.9556196,94147981,2.88,19.3,172,91,193,1.0,,
-11.6535427,166.9555593,94147982,2.88,19.4,172,91,122,1.0,,
-11.6534797,166.9555152,94147983,2.89,19.6,172,91,158,1.0,,
-11.6534047,166.9554847,94147984,2.90,19.8,171,91,168,1.0,,
-11.6533285,166.9554665,94147985,2.90,20.1,171,92,202,0.8,,
-11.6532496,166.9554544,94147986,2.91,20.3,171,92,144,0.8,,
-11.6531655,166.9554450,94147987,2.91,20.4,172,92,142,0.8,,
-11.6530845,166.9554362,94147988,2.92,20.5,172,92,150,0.8,,
-11.6529999,166.9554272,94147989,2.92,20.6,172,92,145,0.8,,
-11.6529189,166.9554232,94147990,2.93,20.6,172,92,155,0.8,,
-11.6528380,166.9554207,94147991,2.93,20.7,172,92,157,0.8,,
-11.6527530,166.9554176,94147992,2.94,20.8,173,92,156,0.8,,
-11.6526783,166.9554125,94147993,2.95,18.7,173,90,153,0.8,,
-11.6526052,166.9554069,94147994,2.95,19.0,173,91,218,0.8,,
-11.6525261,166.9554019,94147995,2.96,19.2,173,91,164,0.8,,
-11.6524502,166.9553982,94147996,2.96,19.4,173,91,154,0.8,,
-11.6523731,166.9553946,94147997,2.97,19.5,173,91,158,0.8,,
-11.6522919,166.9553916,94147998,2.97,19.8,173,91,139,0.8,,
-11.6522128,166.9553907,94147999,2.98,20.2,174,92,154,0.8,,
-11.6521314,166.9553905,94148000,2.98,20.6,174,92,211,0.8,,
-11.6520458,166.9553886,94148001,2.99,20.7,174,92,147,0.8,,
-11.6519636,166.9553850,94148002,3.00,20.7,174,92,171,0.8,,
-11.6518807,166.9553811,94148003,3.00,20.9,174,92,280,0.8,,
-11.6517935,166.9553770,94148004,3.01,21.1,174,93,229,0.8,,
-11.6517096,166.9553759,94148005,3.01,21.2,174,93,175,0.8,,
-11.6516207,166.9553816,94148006,3.02,21.4,174,93,191,0.8,,
-11.6515364,166.9553922,94148007,3.02,21.6,174,93,169,0.6,,
-11.6514562,166.9554236,94148008,3.03,22.0,174,94,163,0.6,,
-11.6513875,166.9554862,94148009,3.04,22.5,174,94,173,0.4,,
-11.6513295,166.9555557,94148010,3.04,22.7,174,94,142,0.4,,
-11.6512772,166.9556282,94148011,3.05,22.5,173,94,186,0.6,,
-11.6512329,166.9557104,94148012,3.06,22.2,173,94,135,0.6,,
-11.6511968,166.9557918,94148013,3.06,22.3,173,94,187,0.6,,
-11.6511615,166.9558784,94148014,3.07,22.3,174,94,156,0.6,,
-11.6511281,166.9559608,94148015,3.07,22.2,174,94,143,0.8,,
-11.6510948,166.9560439,94148016,3.08,22.1,174,94,173,0.8,,
-11.6510612,166.9561305,94148017,3.09,22.1,174,94,164,0.8,,
-11.6510294,166.9562130,94148018,3.09,22.0,174,93,155,0.8,,
-11.6509956,166.9562941,94148019,3.10,21.8,174,93,136,0.8,,
-11.6509609,166.9563787,94148020,3.10,21.7,174,93,141,0.8,,
-11.6509310,166.9564601,94148021,3.11,21.6,173,93,156,0.8,,
-11.6509017,166.9565415,94148022,3.12,21.5,173,93,159,0.8,,
-11.6508703,166.9566254,94148023,3.12,21.6,173,93,186,0.8,,
-11.6508399,166.9567077,94148024,3.13,21.9,173,93,153,0.8,,
-11.6508083,166.9567901,94148025,3.13,22.1,173,94,170,0.8,,
-11.6507745,166.9568773,94148026,3.14,22.2,173,94,180,0.8,,
-11.6507423,166.9569604,94148027,3.15,22.3,173,94,222,0.8,,
-11.6507097,166.9570444,94148028,3.15,22.4,173,94,189,0.8,,
-11.6506757,166.9571320,94148029,3.16,22.3,173,94,199,0.8,,
-11.6506434,166.9572155,94148030,3.17,22.3,173,94,168,0.8,,
-11.6506097,166.9573024,94148031,3.17,22.2,173,94,169,0.8,,
-11.6505788,166.9573854,94148032,3.18,22.0,173,94,164,0.8,,
-11.6505486,166.9574672,94148033,3.18,22.0,173,94,178,0.8,,
-11.6505173,166.9575501,94148034,3.19,22.2,173,94,205,0.8,,
-11.6504836,166.9576362,94148035,3.20,22.3,173,94,226,0.8,,
-11.6504457,166.9577162,94148036,3.20,22.6,173,94,421,0.8,,
-11.6503971,166.9577929,94148037,3.21,23.3,173,95,576,0.8,,
-11.6503436,166.9578703,94148038,3.22,24.0,173,95,481,0.8,,
-11.6502801,166.9579488,94148039,3.22,24.4,173,96,464,1.0,,
-11.6502127,166.9580187,94148040,3.23,24.7,173,96,410,1.0,,
-11.6501353,166.9580877,94148041,3.24,25.0,173,97,410,1.0,,
-11.6500558,166.9581478,94148042,3.24,25.1,173,97,348,1.2,,
-11.6499706,166.9581993,94148043,3.25,25.3,174,97,295,1.2,,
-11.6498713,166.9582368,94148044,3.26,25.3,174,97,206,1.4,,
-11.6497731,166.9582526,94148045,3.26,24.6,174,97,214,1.6,,
-11.6496832,166.9582466,94148046,3.27,21.9,175,93,154,1.6,,
-11.6495962,166.9582222,94148047,3.28,22.2,175,94,457,1.8,,
-11.6495163,166.9581859,94148048,3.28,22.0,176,94,159,2.0,,
-11.6494438,166.9581437,94148049,3.29,20.1,177,,,2.0,,
-11.6493795,166.9580959,94148050,3.29,19.2,178,91,52,2.2,,
-11.6493239,166.9580478,94148051,3.30,17.2,178,89,20,2.2,,
-11.6492767,166.9579997,94148052,3.30,17.2,179,89,80,2.4,,
-11.6492317,166.9579455,94148053,3.31,17.2,179,89,222,2.4,,
-11.6491912,166.9578909,94148054,3.31,17.3,179,89,197,2.4,,
-11.6491557,166.9578275,94148055,3.32,17.5,180,89,162,2.6,,
-11.6491270,166.9577629,94148056,3.32,17.7,180,89,146,2.6,,
-11.6491011,166.9576967,94148057,3.33,17.6,180,89,155,2.8,,
-11.6490768,166.9576314,94148058,3.33,17.5,180,89,155,2.8,,
-11.6490580,166.9575611,94148059,3.34,17.5,180,89,176,3.0,,
-11.6490476,166.9574920,94148060,3.34,17.6,180,89,157,3.0,,
-11.6490453,166.9574183,94148061,3.35,17.8,180,89,191,3.2,,
-11.6490504,166.9573473,94148062,3.35,17.8,180,89,176,3.2,,
-11.6490606,166.9572765,94148063,3.36,17.9,180,89,178,3.2,,
-11.6490749,166.9572035,94148064,3.36,17.9,179,89,171,3.4,,
-11.6490934,166.9571340,94148065,3.37,18.2,179,90,190,3.4,,
-11.6491168,166.9570636,94148066,3.37,18.4,179,90,213,3.4,,
-11.6491435,166.9569905,94148067,3.38,18.5,179,90,167,3.6,,
-11.6491731,166.9569224,94148068,3.38,18.5,179,90,180,3.6,,
-11.6492099,166.9568546,94148069,3.39,18.6,178,90,178,3.6,,
-11.6492475,166.9567901,94148070,3.39,18.8,178,90,181,3.8,,
-11.6492865,166.9567232,94148071,3.40,18.9,178,90,192,3.8,,
-11.6493243,166.9566586,94148072,3.40,18.9,178,90,159,3.8,,
-11.6493622,166.9565932,94148073,3.41,18.9,178,90,174,4.0,,
-11.6494017,166.9565243,94148074,3.41,19.0,178,90,199,4.0,,
-11.6494392,166.9564581,94148075,3.42,19.0,178,91,144,4.0,,
-11.6494784,166.9563888,94148076,3.43,19.0,178,91,161,4.2,,
-11.6495160,166.9563225,94148077,3.43,19.0,178,91,161,4.2,,
-11.6495534,166.9562561,94148078,3.44,19.0,178,91,168,4.2,,
-11.6495930,166.9561862,94148079,3.44,19.0,178,91,164,4.4,,
-11.6496305,166.9561199,94148080,3.45,19.0,178,90,147,4.4,,
-11.6496690,166.9560545,94148081,3.45,19.0,178,90,165,4.4,,
-11.6497091,166.9559856,94148082,3.46,19.0,178,90,160,4.4,,
-11.6497448,166.9559203,94148083,3.46,18.9,178,90,144,4.6,,
-11.6497822,166.9558555,94148084,3.47,18.9,178,90,169,4.6,,
-11.6498207,166.9557883,94148085,3.47,19.1,178,91,156,4.6,,
-11.6498582,166.9557217,94148086,3.48,19.1,178,91,151,4.8,,
-11.6498956,166.9556546,94148087,3.48,19.1,177,91,175,4.8,,
-11.6499348,166.9555842,94148088,3.49,19.2,177,91,170,4.8,,
-11.6499725,166.9555165,94148089,3.49,19.2,177,91,191,5.0,,
-11.6500099,166.9554494,94148090,3.50,19.3,177,91,174,5.0,,
-11.6500493,166.9553791,94148091,3.50,19.3,177,91,194,5.0,,
-11.6500873,166.9553122,94148092,3.51,19.4,178,91,186,5.2,,
-11.6501265,166.9552436,94148093,3.52,18.9,178,90,172,5.2,,
-11.6501642,166.9551775,94148094,3.52,19.0,177,91,189,5.2,,
-11.6502037,166.9551083,94148095,3.53,19.1,177,91,203,5.2,,
-11.6502419,166.9550413,94148096,3.53,19.3,177,91,204,5.4,,
-11.6502804,166.9549739,94148097,3.54,19.4,177,91,228,5.4,,
-11.6503207,166.9549024,94148098,3.54,19.6,177,91,276,5.4,,
-11.6503585,166.9548333,94148099,3.55,19.7,177,91,181,5.6,,
-11.6503976,166.9547643,94148100,3.55,19.8,176,91,241,5.6,,
-11.6504435,166.9546950,94148101,3.56,19.9,176,91,194,5.6,,
-11.6504907,166.9546313,94148102,3.56,20.0,176,92,234,5.6,,
-11.6505432,166.9545642,94148103,3.57,20.2,176,92,233,5.8,,
-11.6505929,166.9545001,94148104,3.58,20.3,177,92,183,5.8,,
-11.6506300,166.9544282,94148105,3.58,20.2,177,92,187,5.8,,
-11.6506160,166.9543468,94148106,3.59,20.0,177,91,148,6.0,,
-11.6505626,166.9542891,94148107,3.59,19.7,177,91,177,6.2,,
-11.6504992,166.9542439,94148108,3.60,19.6,177,91,185,6.2,,
-11.6504272,166.9542055,94148109,3.60,19.5,177,91,177,6.4,,
-11.6503557,166.9541763,94148110,3.61,19.4,177,91,185,6.4,,
-11.6502793,166.9541504,94148111,3.61,19.4,177,91,202,6.6,,
-11.6502047,166.9541281,94148112,3.62,19.8,178,91,378,6.6,,
-11.6501284,166.9541071,94148113,3.62,20.0,178,91,218,6.8,,
-11.6500469,166.9540861,94148114,3.63,20.1,178,92,264,6.8,,
-11.6499689,166.9540674,94148115,3.64,20.3,178,92,233,7.0,,
-11.6498900,166.9540492,94148116,3.64,20.4,178,92,206,7.0,,
-11.6498094,166.9540315,94148117,3.65,19.9,178,91,224,7.2,,
-11.6497323,166.9540150,94148118,3.65,19.9,178,91,204,7.2,,
-11.6496550,166.9539995,94148119,3.66,19.9,178,91,180,7.2,,
-11.6495754,166.9539837,94148120,3.66,19.8,178,91,173,7.4,,
-11.6494994,166.9539684,94148121,3.67,19.7,178,91,167,7.4,,
-11.6494240,166.9539529,94148122,3.67,19.5,178,91,160,7.6,,
-11.6493456,166.9539367,94148123,3.68,19.5,178,91,175,7.6,,
-11.6492716,166.9539214,94148124,3.68,19.4,178,91,169,7.6,,
-11.6491935,166.9539063,94148125,3.69,19.3,178,91,160,7.8,,
-11.6491199,166.9538919,94148126,3.70,19.3,178,91,192,7.8,,
-11.6490432,166.9538769,94148127,3.70,19.2,178,91,176,8.0,,
-11.6489687,166.9538622,94148128,3.71,19.2,178,91,174,8.0,,
-11.6488960,166.9538442,94148129,3.71,19.1,179,91,187,8.0,,
-11.6488198,166.9538238,94148130,3.72,19.1,179,91,180,8.2,,
-11.6487458,166.9538082,94148131,3.72,19.1,179,91,183,8.2,,
-11.6486720,166.9537928,94148132,3.73,19.0,179,91,188,8.4,,
-11.6485948,166.9537758,94148133,3.73,19.0,179,91,190,8.4,,
-11.6485212,166.9537575,94148134,3.74,19.0,179,91,200,8.6,,
-11.6484453,166.9537348,94148135,3.74,19.0,179,91,167,8.6,,
-11.6483743,166.9537105,94148136,3.75,19.0,179,90,177,8.6,,
-11.6483036,166.9536819,94148137,3.75,19.0,179,90,176,8.8,,
-11.6482339,166.9536455,94148138,3.76,19.0,178,91,220,8.8,,
-11.6481707,166.9536031,94148139,3.76,19.0,178,91,192,9.0,,
-11.6481124,166.9535534,94148140,3.77,19.1,178,91,203,9.0,,
-11.6480584,166.9534933,94148141,3.78,19.3,178,91,255,9.0,,
-11.6480164,166.9534284,94148142,3.78,19.5,178,91,225,9.2,,
-11.6479864,166.9533562,94148143,3.79,19.6,178,91,217,9.2,,
-11.6479723,166.9532744,94148144,3.79,19.8,178,91,199,9.2,,
-11.6479801,166.9531956,94148145,3.80,19.9,178,91,208,9.2,,
-11.6480113,166.9531222,94148146,3.80,20.1,178,92,201,9.2,,
-11.6480658,166.9530596,94148147,3.81,19.7,178,91,237,9.4,,
-11.6481319,166.9530176,94148148,3.81,19.7,178,91,159,9.4,,
-11.6482052,166.9529942,94148149,3.82,19.6,178,91,188,9.6,,
-11.6482853,166.9529854,94148150,3.82,19.5,178,91,189,9.6,,
-11.6483624,166.9529861,94148151,3.83,19.8,178,91,325,9.8,,
-11.6484380,166.9529923,94148152,3.84,19.9,178,91,218,9.8,,
-11.6485155,166.9530025,94148153,3.84,19.4,178,91,212,10.0,,
-11.6485903,166.9530131,94148154,3.85,19.4,178,91,161,10.0,,
-11.6486696,166.9530261,94148155,3.85,19.3,178,91,155,10.2,,
-11.6487437,166.9530406,94148156,3.86,19.2,178,91,153,10.2,,
-11.6488173,166.9530547,94148157,3.86,19.1,179,91,179,10.2,,
-11.6488934,166.9530694,94148158,3.87,19.1,179,91,202,10.4,,
-11.6489664,166.9530851,94148159,3.87,19.1,179,91,187,10.4,,
-11.6490393,166.9531038,94148160,3.88,19.1,179,91,177,10.6,,
-11.6491126,166.9531197,94148161,3.88,19.0,179,91,172,10.6,,
-11.6491885,166.9531381,94148162,3.89,19.0,179,90,171,10.8,,
-11.6492602,166.9531572,94148163,3.89,17.9,179,89,182,10.8,,
-11.6493289,166.9531738,94148164,3.90,18.0,179,89,200,10.8,,
-11.6494006,166.9531925,94148165,3.90,18.1,179,90,208,11.0,,
-11.6494690,166.9532108,94148166,3.91,18.2,179,90,193,11.0,,
-11.6495424,166.9532272,94148167,3.91,18.2,179,90,161,11.2,,
-11.6496099,166.9532422,94148168,3.92,18.2,179,90,221,11.2,,
-11.6496788,166.9532572,94148169,3.92,18.3,179,90,181,11.2,,
-11.6497520,166.9532735,94148170,3.93,18.3,179,90,206,11.4,,
-11.6498216,166.9532908,94148171,3.93,18.4,179,90,216,11.4,,
-11.6498957,166.9533093,94148172,3.94,18.6,179,90,236,11.6,,
-11.6499665,166.9533277,94148173,3.94,18.7,179,90,227,11.6,,
-11.6500356,166.9533531,94148174,3.95,18.8,178,90,223,11.6,,
-11.6501086,166.9533800,94148175,3.96,19.0,178,90,197,11.8,,
-11.6501837,166.9533927,94148176,3.96,19.1,178,91,197,11.8,,
-11.6502571,166.9534021,94148177,3.97,18.7,178,90,265,12.0,,
-11.6503302,166.9534120,94148178,3.97,19.0,178,90,333,12.0,,
-11.6504085,166.9534179,94148179,3.98,19.5,178,91,269,12.2,,
-11.6504849,166.9534157,94148180,3.98,19.6,179,91,234,12.4,,
-11.6505630,166.9533964,94148181,3.99,19.9,179,91,265,12.4,,
-11.6506255,166.9533502,94148182,3.99,19.8,179,91,156,12.6,,
-11.6506363,166.9532752,94148183,4.00,19.6,179,91,159,12.8,,
-11.6505900,166.9532090,94148184,4.00,19.4,179,91,185,12.8,,
-11.6505282,166.9531626,94148185,4.01,19.3,179,91,163,13.0,,
-11.6504607,166.9531298,94148186,4.01,19.2,179,91,180,13.0,,
-11.6503883,166.9531028,94148187,4.02,19.0,179,91,179,13.2,,
-11.6503161,166.9530807,94148188,4.02,19.0,179,90,179,13.2,,
-11.6502429,166.9530626,94148189,4.03,19.0,179,91,198,13.4,,
-11.6501655,166.9530478,94148190,4.04,19.1,180,91,183,13.4,,
-11.6500898,166.9530349,94148191,4.04,19.1,180,91,173,13.6,,
-11.6500112,166.9530221,94148192,4.05,19.1,180,91,200,13.6,,
-11.6499365,166.9530102,94148193,4.05,19.2,180,91,214,13.6,,
-11.6498610,166.9529982,94148194,4.06,19.2,180,91,175,13.8,,
-11.6497820,166.9529853,94148195,4.06,19.2,180,91,191,13.8,,
-11.6497071,166.9529726,94148196,4.07,19.2,180,91,170,14.0,,
-11.6496314,166.9529599,94148197,4.07,19.2,180,91,179,14.0,,
-11.6495527,166.9529465,94148198,4.08,19.1,180,91,179,14.0,,
-11.6494776,166.9529339,94148199,4.08,19.1,180,91,183,14.2,,
-11.6494023,166.9529218,94148200,4.09,19.2,180,91,195,14.2,,
-11.6493234,166.9529097,94148201,4.09,19.3,179,91,258,14.4,,
-11.6492482,166.9528955,94148202,4.10,19.5,179,91,245,14.4,,
-11.6491707,166.9528828,94148203,4.10,19.8,179,91,315,14.4,,
-11.6490886,166.9528724,94148204,4.11,19.9,179,91,216,14.6,,
-11.6490093,166.9528628,94148205,4.12,20.1,179,92,257,14.6,,
-11.6489296,166.9528523,94148206,4.12,20.2,179,92,189,14.8,,
-11.6488468,166.9528399,94148207,4.13,19.7,179,91,182,14.8,,
-11.6487696,166.9528281,94148208,4.13,19.7,179,91,203,14.8,,
-11.6486930,166.9528146,94148209,4.14,19.7,179,91,178,15.0,,
-11.6486127,166.9527999,94148210,4.14,19.7,179,91,175,15.0,,
-11.6485357,166.9527895,94148211,4.15,19.7,179,91,204,15.0,,
-11.6484576,166.9527791,94148212,4.15,19.8,179,91,180,15.2,,
-11.6483773,166.9527672,94148213,4.16,19.7,179,91,159,15.2,,
-11.6483019,166.9527477,94148214,4.17,19.6,179,91,159,15.2,,
-11.6482210,166.9527338,94148215,4.17,19.8,179,91,172,15.4,,
-11.6481430,166.9527227,94148216,4.18,19.8,179,91,153,15.4,,
-11.6480708,166.9526938,94148217,4.18,19.9,180,91,214,15.4,,
-11.6480341,166.9526201,94148218,4.19,19.9,180,91,204,15.6,,
-11.6480336,166.9525404,94148219,4.19,19.8,180,91,178,15.6,,
-11.6480474,166.9524586,94148220,4.20,19.8,180,91,178,15.8,,
-11.6480882,166.9523914,94148221,4.20,20.0,180,91,167,15.8,,
-11.6481594,166.9523569,94148222,4.21,20.2,180,92,159,15.6,,
-11.6482384,166.9523428,94148223,4.22,20.6,180,92,141,15.6,,
-11.6483224,166.9523321,94148224,4.22,20.8,180,92,169,15.4,,
-11.6484034,166.9523212,94148225,4.23,21.0,180,93,174,15.4,,
-11.6484859,166.9523129,94148226,4.23,21.1,180,93,156,15.4,,
-11.6485720,166.9523123,94148227,4.24,20.9,180,92,151,15.6,,
-11.6486518,166.9523207,94148228,4.24,20.7,180,92,224,15.8,,
-11.6487344,166.9523362,94148229,4.25,20.1,179,92,176,16.0,,
-11.6488089,166.9523521,94148230,4.26,17.2,179,89,198,16.4,,
-11.6488731,166.9523672,94148231,4.26,16.6,179,88,225,16.8,,
-11.6489327,166.9523823,94148232,4.26,15.5,179,87,211,17.0,,
-11.6489908,166.9523958,94148233,4.27,14.6,179,86,103,17.4,,
-11.6490446,166.9524078,94148234,4.27,13.2,179,,,17.6,,
-11.6490958,166.9524195,94148235,4.28,12.1,179,84,72,18.0,,
-11.6491401,166.9524298,94148236,4.28,11.3,179,83,138,18.2,,
-11.6491839,166.9524391,94148237,4.28,10.8,179,82,145,18.4,,
-11.6492233,166.9524475,94148238,4.29,10.4,179,82,154,18.6,,
-11.6492613,166.9524555,94148239,4.29,10.0,179,82,144,18.8,,
-11.6493021,166.9524611,94148240,4.29,10.0,179,82,166,19.0,,
-11.6493413,166.9524649,94148241,4.29,9.9,179,81,159,19.2,,
-11.6493813,166.9524697,94148242,4.30,10.0,178,81,201,19.4,,
-11.6494210,166.9524714,94148243,4.30,10.3,178,82,176,19.6,,
-11.6494631,166.9524706,94148244,4.30,10.8,178,82,144,19.6,,
-11.6495080,166.9524676,94148245,4.31,10.9,178,82,155,19.8,,
-11.6495517,166.9524628,94148246,4.31,11.1,178,83,141,19.8,,
-11.6495978,166.9524572,94148247,4.31,11.4,178,83,154,19.8,,
-11.6496430,166.9524517,94148248,4.31,11.7,178,83,156,20.0,,
-11.6496893,166.9524478,94148249,4.32,12.1,178,84,198,20.0,,
-11.6497403,166.9524472,94148250,4.32,12.8,178,84,255,20.0,,
-11.6497918,166.9524438,94148251,4.32,13.4,178,85,218,20.0,,
-11.6498483,166.9524383,94148252,4.33,13.8,178,85,181,20.0,,
-11.6499027,166.9524318,94148253,4.33,14.1,177,86,135,20.0,,
-11.6499610,166.9524255,94148254,4.34,14.3,177,86,135,20.0,,
-11.6500176,166.9524187,94148255,4.34,14.6,177,86,142,20.0,,
-11.6500759,166.9524113,94148256,4.34,15.0,177,86,152,20.0,,
-11.6501379,166.9524016,94148257,4.35,15.2,178,87,125,20.0,,
-11.6501978,166.9523897,94148258,4.35,15.5,177,87,121,20.0,,
-11.6502583,166.9523761,94148259,4.36,15.8,177,87,128,20.0,,
-11.6503232,166.9523595,94148260,4.36,16.5,177,88,251,19.8,,
-11.6503875,166.9523403,94148261,4.37,17.2,177,89,236,19.8,,
-11.6504560,166.9523154,94148262,4.37,17.9,176,89,231,19.6,,
-11.6505216,166.9522854,94148263,4.38,18.0,176,89,203,19.6,,
-11.6505849,166.9522471,94148264,4.38,18.7,176,90,147,19.4,,
-11.6506421,166.9521976,94148265,4.39,19.2,176,91,128,19.2,,
-11.6506893,166.9521319,94148266,4.39,19.9,176,91,130,19.0,,
-11.6507201,166.9520577,94148267,4.40,20.6,176,92,108,18.6,,
-11.6507429,166.9519731,94148268,4.40,21.4,176,93,117,18.2,,
-11.6507556,166.9518874,94148269,4.41,22.1,176,94,123,17.8,,
-11.6507624,166.9517986,94148270,4.42,22.8,176,94,111,17.4,,
-11.6507675,166.9517035,94148271,4.42,23.4,176,95,48,17.0,,
-11.6507714,166.9516097,94148272,4.43,23.8,175,,,16.6,,
-11.6507770,166.9515147,94148273,4.44,24.2,175,,,16.2,,
-11.6507911,166.9514133,94148274,4.44,24.5,175,,,15.8,,
-11.6508168,166.9513178,94148275,4.45,24.8,174,,,15.6,,
-11.6508576,166.9512266,94148276,4.46,25.1,174,97,117,15.2,,
-11.6509116,166.9511370,94148277,4.46,25.7,173,97,267,15.0,,
-11.6509698,166.9510538,94148278,4.47,26.1,173,98,279,14.8,,
-11.6510353,166.9509707,94148279,4.48,26.5,172,98,289,14.6,,
-11.6511058,166.9508915,94148280,4.49,26.8,171,98,207,14.4,,
-11.6511831,166.9508098,94148281,4.49,27.0,171,98,181,14.4,,
-11.6512565,166.9507314,94148282,4.50,27.2,170,99,191,14.2,,
-11.6513283,166.9506506,94148283,4.51,27.3,170,99,177,14.2,,
-11.6513974,166.9505597,94148284,4.52,27.5,170,99,134,14.0,,
-11.6514489,166.9504622,94148285,4.52,27.6,170,99,129,13.8,,
-11.6514855,166.9503577,94148286,4.53,27.5,170,99,152,13.8,,
-11.6515058,166.9502438,94148287,4.54,27.3,170,99,143,13.8,,
-11.6515007,166.9501353,94148288,4.55,27.1,171,99,138,13.8,,
-11.6514631,166.9500304,94148289,4.55,27.0,171,99,142,13.6,,
-11.6513969,166.9499477,94148290,4.56,27.5,171,99,158,13.4,,
-11.6513008,166.9498955,94148291,4.57,28.2,171,100,123,12.8,,
-11.6511891,166.9498594,94148292,4.58,29.1,171,101,136,12.2,,
-11.6510777,166.9498290,94148293,4.58,29.8,170,101,157,11.8,,
-11.6509614,166.9497983,94148294,4.59,30.6,170,102,141,11.2,,
-11.6508424,166.9497560,94148295,4.60,31.1,170,103,143,10.6,,
-11.6507473,166.9496791,94148296,4.61,31.5,171,103,133,10.2,,
-11.6507171,166.9495524,94148297,4.62,31.4,171,103,179,10.0,,
-11.6507441,166.9494296,94148298,4.63,31.0,171,103,134,10.0,,
-11.6507895,166.9493157,94148299,4.64,30.5,172,102,128,10.0,,
-11.6508435,166.9491993,94148300,4.65,29.9,171,101,145,10.2,,
-11.6508917,166.9490913,94148301,4.65,29.2,171,101,137,10.4,,
-11.6509351,166.9489837,94148302,4.66,28.7,171,100,191,10.6,,
-11.6509867,166.9488813,94148303,4.67,28.2,171,100,190,10.8,,
-11.6510464,166.9487798,94148304,4.68,27.7,172,99,168,10.8,,
-11.6511218,166.9486998,94148305,4.68,27.3,172,99,146,10.8,,
-11.6512169,166.9486490,94148306,4.69,26.9,172,98,151,11.0,,
-11.6513243,166.9486252,94148307,4.70,26.6,173,98,135,10.8,,
-11.6514286,166.9486350,94148308,4.71,26.5,173,98,275,11.0,,
-11.6515371,166.9486578,94148309,4.71,26.5,173,98,361,11.0,,
-11.6516334,166.9486212,94148310,4.72,26.7,173,98,363,10.8,,
-11.6517050,166.9485397,94148311,4.73,27.2,173,99,345,10.6,,
-11.6517257,166.9484333,94148312,4.74,27.7,173,99,258,10.4,,
-11.6516854,166.9483277,94148313,4.74,28.2,173,100,261,10.0,,
-11.6516036,166.9482442,94148314,4.75,29.0,173,100,460,9.6,,
-11.6514877,166.9482282,94148315,4.76,29.9,173,101,455,9.2,,
-11.6513701,166.9482481,94148316,4.77,30.5,173,102,358,9.0,,
-11.6512483,166.9482654,94148317,4.78,29.7,174,101,301,8.6,,
-11.6511266,166.9482596,94148318,4.79,29.6,174,101,308,8.4,,
-11.6510113,166.9482375,94148319,4.79,30.4,174,102,521,8.0,,
-11.6509024,166.9481812,94148320,4.80,31.1,174,103,520,7.6,,
-11.6508751,166.9480620,94148321,4.81,31.6,174,103,459,7.2,,
-11.6509570,166.9479677,94148322,4.82,31.9,174,103,392,7.0,,
-11.6510836,166.9479252,94148323,4.83,32.4,174,104,601,6.6,,
-11.6511962,166.9478616,94148324,4.84,32.8,175,104,589,6.4,,
-11.6512533,166.9477479,94148325,4.85,33.1,175,105,552,6.2,,
-11.6512112,166.9476187,94148326,4.86,33.8,176,105,539,5.6,,
-11.6510922,166.9475560,94148327,4.87,34.5,177,106,511,5.2,,
-11.6509535,166.9475492,94148328,4.88,35.2,177,107,530,4.6,,
-11.6508110,166.9475834,94148329,4.89,35.6,178,107,493,4.2,,
-11.6506860,166.9476494,94148330,4.90,35.7,178,107,444,3.6,,
-11.6505753,166.9477377,94148331,4.91,35.7,179,107,407,3.2,,
-11.6504388,166.9477945,94148332,4.92,35.7,180,107,286,2.8,,
-11.6502985,166.9478068,94148333,4.92,35.6,181,107,134,2.2,,
-11.6501527,166.9477894,94148334,4.94,35.2,182,,,2.0,,
-11.6500195,166.9477519,94148335,4.94,34.0,182,,,1.8,,
-11.6498911,166.9477034,94148336,4.95,31.5,183,,,1.8,,
-11.6497812,166.9476544,94148337,4.96,29.2,184,,,2.0,,
-11.6496784,166.9476008,94148338,4.97,26.9,185,,,2.0,,
-11.6495911,166.9475455,94148339,4.98,24.8,185,,,2.0,,
-11.6495177,166.9474850,94148340,4.98,23.1,186,,,2.0,,
-11.6494556,166.9474115,94148341,4.99,23.0,186,,,1.8,,
-11.6493980,166.9473398,94148342,5.00,23.0,186,,,1.6,,
-11.6493477,166.9472598,94148343,5.00,23.0,185,,,1.2,,
-11.6492990,166.9471817,94148344,5.01,23.0,185,95,35,1.0,,
-11.6492409,166.9471100,94148345,5.02,22.9,184,94,21,1.0,,
-11.6491727,166.9470436,94148346,5.02,22.9,183,94,42,0.8,,
-11.6491014,166.9469864,94148347,5.03,23.1,182,95,87,0.6,,
-11.6490229,166.9469313,94148348,5.03,23.2,181,95,113,0.6,,
-11.6489459,166.9468799,94148349,5.04,23.4,181,95,122,0.6,,
-11.6488642,166.9468260,94148350,5.05,23.6,180,95,105,0.4,,
-11.6487857,166.9467742,94148351,5.05,23.7,180,95,105,0.4,,
-11.6487083,166.9467200,94148352,5.06,23.6,179,95,111,0.4,,
-11.6486297,166.9466599,94148353,5.07,23.5,179,95,106,0.2,,
-11.6485582,166.9466003,94148354,5.07,23.3,178,95,114,0.2,,
-11.6484908,166.9465374,94148355,5.08,23.0,178,95,102,0.2,,
-11.6484254,166.9464674,94148356,5.09,22.8,178,94,133,0.2,,
-11.6483691,166.9463960,94148357,5.09,22.6,177,94,148,0.0,,
-11.6483193,166.9463203,94148358,5.10,22.4,177,94,131,0.0,,
-11.6482728,166.9462389,94148359,5.11,22.2,176,94,126,0.0,,
-11.6482326,166.9461595,94148360,5.11,22.0,176,93,124,0.0,,
-11.6481962,166.9460797,94148361,5.12,21.7,176,93,100,0.0,,
-11.6481619,166.9459966,94148362,5.12,21.4,175,93,104,0.0,,
-11.6481332,166.9459164,94148363,5.13,21.0,175,93,36,0.0,,
-11.6481026,166.9458342,94148364,5.14,20.6,175,92,20,0.0,,
-11.6480764,166.9457570,94148365,5.14,20.2,175,92,89,0.0,,
-11.6480520,166.9456761,94148366,5.15,19.9,175,91,59,0.0,,
-11.6480308,166.9456023,94148367,5.15,18.2,174,,9,0.0,,
-11.6480121,166.9455369,94148368,5.16,16.3,174,,,0.0,,
-11.6479956,166.9454742,94148369,5.16,14.4,174,,,0.0,,
-11.6479812,166.9454190,94148370,5.16,14.2,174,86,62,0.0,,
-11.6479663,166.9453610,94148371,5.17,14.3,174,86,115,0.0,,
-11.6479526,166.9453050,94148372,5.17,14.4,173,86,92,0.0,,
-11.6479392,166.9452483,94148373,5.18,14.5,172,86,98,0.0,,
-11.6479254,166.9451890,94148374,5.18,14.5,171,86,85,0.0,,
-11.6479124,166.9451323,94148375,5.19,14.5,171,86,70,0.0,,
-11.6478994,166.9450758,94148376,5.19,14.5,171,86,79,0.0,,
-11.6478854,166.9450164,94148377,5.19,14.4,171,86,70,0.0,,
-11.6478730,166.9449606,94148378,5.20,14.4,171,86,86,0.0,,
-11.6478601,166.9449037,94148379,5.20,14.5,171,86,76,0.0,,
-11.6478470,166.9448441,94148380,5.21,14.6,170,86,83,0.0,,
-11.6478347,166.9447869,94148381,5.21,14.6,171,86,87,0.0,,
-11.6478227,166.9447290,94148382,5.21,14.7,171,86,90,0.0,,
-11.6478106,166.9446681,94148383,5.22,14.6,171,86,47,0.0,,
-11.6478000,166.9446141,94148384,5.22,13.0,171,,,0.0,,
-11.6477903,166.9445635,94148385,5.22,11.7,171,83,13,0.0,,
-11.6477814,166.9445172,94148386,5.23,12.0,171,84,126,0.0,,
-11.6477724,166.9444670,94148387,5.23,12.3,171,84,120,0.0,,
-11.6477646,166.9444175,94148388,5.23,12.6,171,84,112,0.0,,
-11.6477574,166.9443678,94148389,5.24,12.7,172,84,97,0.0,,
-11.6477499,166.9443145,94148390,5.24,12.9,172,84,84,0.0,,
-11.6477433,166.9442627,94148391,5.25,13.0,172,85,97,0.0,,
-11.6477374,166.9442104,94148392,5.25,13.2,172,85,98,0.0,,
-11.6477316,166.9441550,94148393,5.25,13.3,171,85,99,0.0,,
-11.6477267,166.9441017,94148394,5.26,13.3,171,85,57,0.0,,
-11.6477221,166.9440481,94148395,5.26,11.9,171,,,0.0,,
-11.6477183,166.9440040,94148396,5.26,10.2,171,,,0.0,,
-11.6477149,166.9439641,94148397,5.27,10.1,171,82,94,0.0,,
-11.6477116,166.9439206,94148398,5.27,10.6,171,82,161,0.0,,
-11.6477092,166.9438772,94148399,5.27,11.1,171,83,137,0.0,,
-11.6477077,166.9438320,94148400,5.27,11.5,171,83,142,0.0,,
-11.6477065,166.9437831,94148401,5.28,11.8,171,83,117,0.0,,
-11.6477057,166.9437352,94148402,5.28,12.0,171,84,98,0.0,,
-11.6477052,166.9436868,94148403,5.28,12.1,171,84,86,0.0,,
-11.6477051,166.9436359,94148404,5.29,12.3,170,84,92,0.0,,
-11.6477055,166.9435843,94148405,5.29,12.4,170,84,93,0.0,,
-11.6477082,166.9435347,94148406,5.29,12.5,170,84,87,0.0,,
-11.6477134,166.9434849,94148407,5.30,12.5,170,84,83,0.2,,
-11.6477156,166.9434342,94148408,5.30,12.6,170,84,87,0.2,,
-11.6477180,166.9433812,94148409,5.31,12.7,170,84,86,0.2,,
-11.6477198,166.9433308,94148410,5.31,12.8,170,84,83,0.2,,
-11.6477250,166.9432781,94148411,5.31,13.0,170,84,131,0.2,,
-11.6477293,166.9432259,94148412,5.32,13.2,170,85,99,0.2,,
-11.6477348,166.9431737,94148413,5.32,13.3,170,85,99,0.2,,
-11.6477413,166.9431177,94148414,5.32,13.5,169,85,115,0.2,,
-11.6477480,166.9430635,94148415,5.33,13.7,169,85,121,0.2,,
-11.6477554,166.9430066,94148416,5.33,13.7,169,85,93,0.2,,
-11.6477627,166.9429517,94148417,5.33,13.8,169,85,92,0.2,,
-11.6477703,166.9428967,94148418,5.34,13.8,169,85,92,0.2,,
-11.6477785,166.9428394,94148419,5.34,13.8,169,85,92,0.2,,
-11.6477863,166.9427846,94148420,5.35,13.9,168,85,92,0.2,,
-11.6477947,166.9427269,94148421,5.35,13.9,168,85,91,0.2,,
-11.6478028,166.9426718,94148422,5.35,13.9,168,85,91,0.2,,
-11.6478113,166.9426143,94148423,5.36,13.9,168,85,107,0.4,,
-11.6478195,166.9425585,94148424,5.36,14.0,168,85,96,0.4,,
-11.6478278,166.9425033,94148425,5.37,14.0,167,85,92,0.4,,
-11.6478364,166.9424452,94148426,5.37,14.0,167,85,92,0.4,,
-11.6478446,166.9423898,94148427,5.37,14.0,166,85,92,0.4,,
-11.6478532,166.9423314,94148428,5.38,14.0,165,85,93,0.4,,
-11.6478615,166.9422757,94148429,5.38,14.0,165,85,93,0.4,,
-11.6478697,166.9422198,94148430,5.39,14.0,164,85,93,0.4,,
-11.6478778,166.9421645,94148431,5.39,13.8,164,85,41,0.4,,
-11.6478853,166.9421083,94148432,5.39,12.7,163,,,0.4,,
-11.6478879,166.9420614,94148433,5.40,10.9,162,,,0.4,,
-11.6478918,166.9420194,94148434,5.40,9.1,162,,,0.6,,
-11.6478953,166.9419847,94148435,5.40,8.9,162,80,162,0.6,,
-11.6478992,166.9419477,94148436,5.40,9.7,161,81,214,0.6,,
-11.6479040,166.9419050,94148437,5.41,10.5,161,82,204,0.6,,
-11.6479089,166.9418622,94148438,5.41,11.1,160,83,175,0.6,,
-11.6479143,166.9418153,94148439,5.41,11.4,159,83,138,0.6,,
-11.6479195,166.9417690,94148440,5.42,11.7,158,83,122,0.6,,
-11.6479239,166.9417222,94148441,5.42,11.9,157,83,112,0.6,,
-11.6479276,166.9416722,94148442,5.42,12.0,158,83,104,0.6,,
-11.6479302,166.9416237,94148443,5.43,12.1,158,84,97,0.6,,
-11.6479322,166.9415726,94148444,5.43,12.2,158,84,97,0.8,,
-11.6479334,166.9415238,94148445,5.43,12.2,158,84,91,0.8,,
-11.6479338,166.9414745,94148446,5.44,12.1,158,84,18,0.8,,
-11.6479339,166.9414250,94148447,5.44,11.8,158,83,12,0.8,,
-11.6479323,166.9413775,94148448,5.44,11.9,159,83,145,0.8,,
-11.6479301,166.9413271,94148449,5.45,12.1,159,84,134,0.8,,
-11.6479278,166.9412780,94148450,5.45,12.4,159,84,143,0.8,,
-11.6479254,166.9412279,94148451,5.45,12.5,158,84,129,1.0,,
-11.6479224,166.9411749,94148452,5.46,12.7,158,84,128,1.0,,
-11.6479190,166.9411239,94148453,5.46,12.8,157,84,144,1.0,,
-11.6479148,166.9410724,94148454,5.46,12.9,157,84,117,1.0,,
-11.6479100,166.9410179,94148455,5.47,13.0,157,84,122,1.2,,
-11.6479047,166.9409662,94148456,5.47,12.9,157,84,110,1.2,,
-11.6478985,166.9409122,94148457,5.47,12.9,157,84,107,1.2,,
-11.6478919,166.9408608,94148458,5.48,12.8,157,84,95,1.2,,
-11.6478847,166.9408104,94148459,5.48,12.7,157,84,91,1.4,,
-11.6478769,166.9407583,94148460,5.48,12.6,157,84,97,1.4,,
-11.6478684,166.9407088,94148461,5.49,12.5,158,84,84,1.4,,
-11.6478588,166.9406568,94148462,5.49,12.4,159,84,86,1.6,,
-11.6478492,166.9406085,94148463,5.50,12.4,159,84,86,1.6,,
-11.6478386,166.9405577,94148464,5.50,12.3,159,84,97,1.6,,
-11.6478278,166.9405093,94148465,5.50,12.3,160,84,110,1.8,,
-11.6478163,166.9404611,94148466,5.51,12.3,160,84,117,1.8,,
-11.6478035,166.9404105,94148467,5.51,12.4,159,84,131,1.8,,
-11.6477955,166.9403615,94148468,5.51,12.4,159,84,99,1.8,,
-11.6477931,166.9403120,94148469,5.52,12.4,159,84,99,2.0,,
-11.6477796,166.9402620,94148470,5.52,12.4,159,84,116,2.0,,
-11.6477631,166.9402153,94148471,5.52,12.5,159,84,117,2.0,,
-11.6477441,166.9401664,94148472,5.53,12.5,159,84,107,2.0,,
-11.6477253,166.9401198,94148473,5.53,12.5,158,84,100,2.2,,
-11.6477068,166.9400748,94148474,5.53,11.4,158,,,2.2,,
-11.6476893,166.9400333,94148475,5.54,10.4,158,82,13,2.2,,
-11.6476729,166.9399957,94148476,5.54,10.1,158,82,169,2.2,,
-11.6476527,166.9399570,94148477,5.54,10.7,157,82,180,2.2,,
-11.6476316,166.9399189,94148478,5.54,11.1,156,83,160,2.2,,
-11.6476100,166.9398793,94148479,5.55,11.2,156,83,116,2.4,,
-11.6475885,166.9398393,94148480,5.55,11.4,155,83,106,2.4,,
-11.6475637,166.9397983,94148481,5.55,11.5,155,83,103,2.4,,
-11.6475325,166.9397640,94148482,5.56,11.7,155,83,117,2.4,,
-11.6474920,166.9397387,94148483,5.56,12.0,155,84,126,2.4,,
-11.6474449,166.9397194,94148484,5.56,12.4,155,84,115,2.4,,
-11.6473963,166.9397065,94148485,5.57,12.9,155,84,115,2.2,,
-11.6473445,166.9397038,94148486,5.57,13.4,155,85,100,2.2,,
-11.6472888,166.9397131,94148487,5.58,13.8,155,85,111,2.2,,
-11.6472373,166.9397336,94148488,5.58,13.9,155,85,105,2.2,,
-11.6471908,166.9397634,94148489,5.58,13.8,156,85,107,2.2,,
-11.6471462,166.9397988,94148490,5.59,13.5,156,85,114,2.4,,
-11.6471057,166.9398333,94148491,5.59,13.2,156,85,108,2.4,,
-11.6470648,166.9398689,94148492,5.59,12.8,156,84,111,2.6,,
-11.6470273,166.9399025,94148493,5.60,12.5,156,84,124,2.8,,
-11.6469907,166.9399360,94148494,5.60,12.2,157,84,119,3.0,,
-11.6469541,166.9399701,94148495,5.60,11.8,157,83,114,3.0,,
-11.6469202,166.9400021,94148496,5.61,11.5,157,83,138,3.2,,
-11.6468874,166.9400337,94148497,5.61,11.2,157,83,125,3.4,,
-11.6468545,166.9400656,94148498,5.61,10.8,157,82,101,3.6,,
-11.6468244,166.9400948,94148499,5.62,10.4,158,82,107,3.6,,
-11.6467933,166.9401235,94148500,5.62,9.7,158,81,39,3.8,,
-11.6467647,166.9401480,94148501,5.62,9.2,158,81,55,4.0,,
-11.6467375,166.9401702,94148502,5.62,7.2,157,,,4.2,,
-11.6467190,166.9401858,94148503,5.63,4.8,157,,,4.2,,
-11.6467081,166.9401955,94148504,5.63,2.3,157,,,4.2,,
-11.6467042,166.9401992,94148505,5.63,0.2,156,,,4.4,,
-11.6467042,166.9401992,94148506,5.63,,155,,,4.4,,
-11.6467042,166.9401991,94148507,5.63,,154,,,4.4,,
-11.6467042,166.9401991,94148508,5.63,,153,,,4.4,,
-11.6467062,166.9402007,94148518,5.63,,143,,37,4.4,,
-11.6467049,166.9402019,94148519,5.63,1.2,143,10,109,4.4,,
-11.6466992,166.9402074,94148520,5.63,2.9,142,27,186,4.4,,
-11.6466878,166.9402184,94148521,5.63,4.4,140,44,157,4.4,,
-11.6466741,166.9402317,94148522,5.63,5.2,139,51,194,4.4,,
-11.6466580,166.9402472,94148523,5.63,6.0,139,59,197,4.6,,
-11.6466390,166.9402656,94148524,5.63,6.6,140,65,178,4.6,,
-11.6466198,166.9402845,94148525,5.64,6.9,140,68,178,4.8,,
-11.6465992,166.9403058,94148526,5.64,7.2,140,71,160,5.0,,
-11.6465799,166.9403272,94148527,5.64,7.2,140,72,134,5.0,,
-11.6465617,166.9403489,94148528,5.64,7.1,141,70,134,5.2,,
-11.6465436,166.9403723,94148529,5.64,6.9,141,69,120,5.4,,
-11.6465278,166.9403945,94148530,5.65,6.7,141,67,106,5.4,,
-11.6465136,166.9404165,94148531,5.65,6.3,142,63,91,5.6,,
-11.6465006,166.9404389,94148532,5.65,5.9,142,59,125,5.8,,
-11.6464899,166.9404597,94148533,5.65,5.8,142,58,140,5.8,,
-11.6464801,166.9404806,94148534,5.65,5.7,142,57,132,6.0,,
-11.6464709,166.9405026,94148535,5.65,5.6,142,56,141,6.2,,
-11.6464629,166.9405235,94148536,5.66,5.6,142,55,141,6.4,,
-11.6464553,166.9405455,94148537,5.66,5.5,142,54,137,6.4,,
-11.6464488,166.9405661,94148538,5.66,5.4,142,53,137,6.6,,
-11.6464427,166.9405867,94148539,5.66,5.3,142,53,147,6.8,,
-11.6464369,166.9406085,94148540,5.66,5.4,142,53,147,6.8,,
-11.6464316,166.9406292,94148541,5.66,5.3,143,53,137,7.0,,
-11.6464266,166.9406499,94148542,5.66,5.2,143,52,135,7.2,,
-11.6464219,166.9406713,94148543,5.67,5.2,144,51,142,7.2,,
-11.6464176,166.9406915,94148544,5.67,5.2,145,51,142,7.4,,
-11.6464133,166.9407127,94148545,5.67,5.1,145,51,144,7.6,,
-11.6464094,166.9407330,94148546,5.67,5.2,145,51,144,7.6,,
-11.6464055,166.9407534,94148547,5.67,5.2,146,51,144,7.8,,
-11.6464014,166.9407750,94148548,5.67,5.2,146,51,144,8.0,,
-11.6463976,166.9407954,94148549,5.67,5.2,147,51,145,8.2,,
-11.6463936,166.9408167,94148550,5.68,5.2,147,52,145,8.2,,
-11.6463898,166.9408374,94148551,5.68,5.2,148,52,147,8.4,,
-11.6463859,166.9408581,94148552,5.68,5.3,148,52,147,8.6,,
-11.6463818,166.9408799,94148553,5.68,5.3,148,52,141,8.6,,
-11.6463778,166.9409007,94148554,5.68,5.2,148,52,125,8.8,,
-11.6463735,166.9409211,94148555,5.68,5.1,149,51,139,9.0,,
-11.6463687,166.9409424,94148556,5.68,5.2,149,51,141,9.0,,
-11.6463636,166.9409628,94148557,5.69,5.2,149,52,141,9.2,,
-11.6463580,166.9409831,94148558,5.69,5.3,149,52,139,9.4,,
-11.6463515,166.9410045,94148559,5.69,5.4,149,53,146,9.4,,
-11.6463445,166.9410250,94148560,5.69,5.5,150,54,146,9.6,,
-11.6463362,166.9410468,94148561,5.69,5.5,150,55,133,9.6,,
-11.6463276,166.9410674,94148562,5.69,5.6,150,56,135,9.8,,
-11.6463173,166.9410888,94148563,5.70,5.8,150,57,150,10.0,,
-11.6463060,166.9411096,94148564,5.70,6.0,151,59,148,10.0,,
-11.6462932,166.9411295,94148565,5.70,6.2,151,62,143,10.2,,
-11.6462776,166.9411512,94148566,5.70,6.5,151,64,143,10.2,,
-11.6462608,166.9411715,94148567,5.70,6.7,151,67,129,10.4,,
-11.6462423,166.9411912,94148568,5.70,6.9,152,69,129,10.4,,
-11.6462211,166.9412116,94148569,5.71,7.1,152,70,97,10.4,,
-11.6461995,166.9412305,94148570,5.71,7.3,153,72,97,10.6,,
-11.6461754,166.9412498,94148571,5.71,7.5,153,75,110,10.6,,
-11.6461506,166.9412680,94148572,5.71,7.8,153,78,93,10.6,,
-11.6461244,166.9412860,94148573,5.71,8.1,153,80,77,10.6,,
-11.6460957,166.9413042,94148574,5.72,8.3,154,80,70,10.6,,
-11.6460669,166.9413210,94148575,5.72,8.5,154,80,70,10.6,,
-11.6460365,166.9413374,94148576,5.72,8.8,154,80,73,10.6,,
-11.6460034,166.9413539,94148577,5.72,9.0,155,81,35,10.6,,
-11.6459705,166.9413689,94148578,5.73,9.2,155,81,35,10.6,,
-11.6459393,166.9413825,94148579,5.73,8.0,155,80,97,10.6,,
-11.6459081,166.9413972,94148580,5.73,8.7,155,80,119,10.6,,
-11.6458751,166.9414085,94148581,5.73,9.3,154,81,100,10.6,,
-11.6458371,166.9414170,94148582,5.74,9.9,154,81,82,10.6,,
-11.6457977,166.9414240,94148583,5.74,10.3,154,82,77,10.4,,
-11.6457573,166.9414307,94148584,5.74,10.7,153,82,77,10.4,,
-11.6457114,166.9414337,94148585,5.74,11.2,153,83,88,10.4,,
-11.6456666,166.9414316,94148586,5.75,11.6,152,83,88,10.4,,
-11.6456188,166.9414228,94148587,5.75,11.9,152,83,79,10.4,,
-11.6455743,166.9414055,94148588,5.75,12.1,151,84,79,10.4,,
-11.6455343,166.9413791,94148589,5.76,12.0,151,84,8,10.4,,
-11.6455004,166.9413466,94148590,5.76,10.3,151,,,10.4,,
-11.6454765,166.9413174,94148591,5.76,8.6,151,,,10.4,,
-11.6454587,166.9412916,94148592,5.77,7.5,151,74,58,10.4,,
-11.6454421,166.9412643,94148593,5.77,7.9,151,78,143,10.4,,
-11.6454267,166.9412347,94148594,5.77,8.6,150,80,131,10.4,,
-11.6454119,166.9412029,94148595,5.77,9.2,150,81,107,10.4,,
-11.6453967,166.9411664,94148596,5.78,9.6,150,81,91,10.4,,
-11.6453828,166.9411298,94148597,5.78,9.9,149,81,91,10.4,,
-11.6453693,166.9410919,94148598,5.78,10.1,148,82,73,10.4,,
-11.6453553,166.9410514,94148599,5.78,10.3,148,82,78,10.4,,
-11.6453418,166.9410115,94148600,5.79,10.5,147,82,78,10.4,,
-11.6453275,166.9409693,94148601,5.79,10.7,147,82,74,10.4,,
-11.6453137,166.9409281,94148602,5.79,10.9,147,82,74,10.4,,
-11.6452996,166.9408862,94148603,5.80,11.0,146,82,75,10.4,,
-11.6452846,166.9408424,94148604,5.80,11.1,146,83,80,10.4,,
-11.6452688,166.9408002,94148605,5.80,11.3,146,83,80,10.4,,
-11.6452508,166.9407582,94148606,5.80,11.4,146,83,82,10.4,,
-11.6452291,166.9407155,94148607,5.81,11.6,146,83,82,10.4,,
-11.6452056,166.9406751,94148608,5.81,11.7,146,83,76,10.4,,
-11.6451791,166.9406331,94148609,5.81,11.8,146,83,76,10.4,,
-11.6451528,166.9405934,94148610,5.82,11.9,146,83,77,10.4,,
-11.6451255,166.9405538,94148611,5.82,12.1,146,84,77,10.4,,
-11.6450959,166.9405126,94148612,5.82,12.2,146,84,77,10.4,,
-11.6450667,166.9404738,94148613,5.83,12.3,146,84,77,10.4,,
-11.6450350,166.9404336,94148614,5.83,12.0,146,,,10.4,,
-11.6450065,166.9403992,94148615,5.83,10.2,146,,,10.4,,
-11.6449813,166.9403707,94148616,5.84,9.1,146,81,80,10.4,,
-11.6449551,166.9403420,94148617,5.84,9.6,146,81,147,10.4,,
-11.6449285,166.9403131,94148618,5.84,10.1,146,82,124,10.4,,
-11.6449009,166.9402831,94148619,5.85,10.5,146,82,118,10.4,,
-11.6448718,166.9402511,94148620,5.85,10.8,145,82,103,10.4,,
-11.6448417,166.9402163,94148621,5.85,11.1,145,83,79,10.4,,
-11.6448141,166.9401819,94148622,5.85,11.2,145,83,77,10.4,,
-11.6447863,166.9401460,94148623,5.86,11.3,145,83,39,10.4,,
-11.6447576,166.9401087,94148624,5.86,10.7,145,,,10.4,,
-11.6447333,166.9400780,94148625,5.86,9.0,145,,,10.4,,
-11.6447119,166.9400532,94148626,5.87,7.3,145,,,10.4,,
-11.6446926,166.9400332,94148627,5.87,6.2,145,62,18,10.4,,
-11.6446744,166.9400161,94148628,5.87,6.4,145,63,100,10.4,,
-11.6446532,166.9399977,94148629,5.87,7.1,144,70,142,10.4,,
-11.6446296,166.9399791,94148630,5.87,7.9,144,78,126,10.4,,
-11.6446027,166.9399610,94148631,5.88,8.5,144,80,125,10.4,,
-11.6445703,166.9399443,94148632,5.88,9.0,143,81,120,10.4,,
-11.6445354,166.9399324,94148633,5.88,9.5,143,81,115,10.4,,
-11.6444975,166.9399271,94148634,5.88,9.9,143,81,97,10.2,,
-11.6444560,166.9399303,94148635,5.89,10.3,143,82,83,10.2,,
-11.6444158,166.9399402,94148636,5.89,10.6,142,82,80,10.2,,
-11.6443740,166.9399556,94148637,5.89,10.9,142,82,80,10.2,,
-11.6443342,166.9399734,94148638,5.89,11.2,142,83,80,10.2,,
-11.6442917,166.9399945,94148639,5.90,11.5,142,83,86,10.2,,
-11.6442508,166.9400160,94148640,5.90,11.8,142,83,86,10.2,,
-11.6442093,166.9400384,94148641,5.90,11.9,142,83,33,10.2,,
-11.6441658,166.9400619,94148642,5.91,11.2,142,,,10.0,,
-11.6441298,166.9400806,94148643,5.91,9.5,142,,,10.0,,
-11.6440992,166.9400966,94148644,5.91,7.8,142,,,10.0,,
-11.6440728,166.9401096,94148645,5.92,6.1,143,,,10.0,,
-11.6440539,166.9401184,94148646,5.92,4.4,143,,,10.0,,
-11.6440404,166.9401242,94148647,5.92,2.6,143,,,10.0,,
-11.6440331,166.9401273,94148648,5.92,2.1,143,20,74,10.2,,
-11.6440231,166.9401314,94148649,5.92,3.3,143,32,74,10.2,,
-11.6440072,166.9401370,94148650,5.92,4.8,143,47,122,10.2,,
-11.6439868,166.9401427,94148651,5.92,5.7,143,57,122,10.2,,
-11.6439637,166.9401473,94148652,5.92,6.1,141,61,26,10.2,,
-11.6439391,166.9401503,94148653,5.92,5.4,140,,,10.2,,
-11.6439214,166.9401514,94148654,5.93,3.5,140,,,10.2,,
-11.6439112,166.9401516,94148655,5.93,1.5,139,,,10.2,,
-11.6439083,166.9401517,94148656,5.93,,139,,,10.2,,
-11.6439083,166.9401517,94148657,5.93,,139,,,10.2,,
-11.6439083,166.9401517,94148658,5.93,,138,,,10.2,,
-11.6439083,166.9401517,94148659,5.93,,138,,,10.2,,
